Workbook

Sheet 说明
A1: 说明：
A2: 1 | B2: 本计算输入数据来自杜邦工艺包及Htri5.0的计算结果：
B3: 1.1 | C3: 表Streams中的数据为Aspen Plus计算结果的物流数据表。
B4: 1.2 | C4: 表TraySizingT-101、TraySizingT-103为Aspen Plus进行的塔板塔径等计算数据，可供确定塔径用。
B5: 1.3 | C5: 表HydraulicsT-101、HydraulicsT-103为Aspen Plus塔的水力学计算数据，可供塔内件厂家选型计算用。
A7: 2 | B7: 文字颜色意义定义：
B8: 输入文字及数据
B9: 链接文字及数据
B10: 公式计算数据
B11: 提示注意数据
B12: 判断文字或数据 | D12: 通过 | E12: 警告 | F12: 未通过

Sheet 作业流程
A1: 工艺专业作业流程——惠州二期340万吨/年柴油加氢装置
A2: 表头 | B2: 项目信息 | C2: 输入
A3: 序列 | B3: 主流程项 | C3: 进度 | D3: 外部专业条件1 | E3: 进度 | F3: 外部专业条件2 | G3: 进度 | H3: 外部专业条件3 | I3: 进度 | J3: 外部专业条件4 | K3: 进度 | L3: 外部专业条件5 | M3: 进度 | N3: 开始时间 | O3: 完成时间
A4: =ROW()-2 -> 2 | B4: 整理基础设计资料 | C4: 完成 | N4: 41771 | O4: =N4+2 -> 41773
A5: =ROW()-2 -> 3 | B5: PFD图 | C5: 完成 | N5: =N4 -> 41771 | O5: =N17-1 -> 41817
A6: =ROW()-2 -> 4 | B6: 流程模拟 | C6: 不需要 | D6: 下游装置物料条件发下游装置工艺专业 | E6: 未开始 | N6: =N5 -> 41771 | O6: =N6+30 -> 41801
A7: =ROW()-2 -> 5 | B7: 换热网络设计 | C7: 进行中 | D7: 燃料消耗、化学药剂消耗发项目工程师、安全环保专业 | E7: 不需要 | F7: 加热炉条件发工业炉专业 | G7: 未开始 | H7: 分析化验项目条件发项目工程师、管道专业 | I7: 未开始 | N7: =O6+1 -> 41802 | O7: =N7+15 -> 41817
A8: =ROW()-2 -> 6 | B8: 反应器计算 | C8: 不需要 | D8: 反应器数据表共享给设备、自控、管道专业编辑 | E8: 未开始 | F8: 反应器汇总表共享给设备专业编辑 | G8: 未开始 | H8: 反应器数据表订货资料发项目工程师 | I8: 未开始 | J8: 污染物的排放（处理）资料提项目工程师 | K8: 未开始 | N8: =O6+1 -> 41802 | O8: =N8+45 -> 41847
A9: =ROW()-2 -> 7 | B9: 塔径计算 | C9: 不需要 | D9: 塔数据表共享给设备、自控、管道专业编辑 | E9: 未开始 | F9: 塔汇总表共享给设备专业编辑 | G9: 未开始 | H9: 塔数据表订货资料发项目工程师 | I9: 未开始 | N9: =N8 -> 41802 | O9: =N9+45 -> 41847
A10: =ROW()-2 -> 8 | B10: 换热器计算 | C10: 进行中 | D10: 换热器数据表共享给设备、管道专业编辑 | E10: 未开始 | F10: 换热器汇总表共享给设备专业编辑 | G10: 未开始 | H10: 换热器数据表订货资料发项目工程师 | I10: 未开始 | J10: 给排水设计条件发给排水专业 | K10: 未开始 | L10: 公用工程（含氢气、氮气）消耗给项目工程师 | M10: 未开始 | N10: =O7+1 -> 41818 | O10: =N10+30 -> 41848
A11: =ROW()-2 -> 9 | B11: 空冷计算 | C11: 进行中 | D11: 空冷器数据表共享给设备、管道、电气专业编辑 | E11: 未开始 | F11: 空冷器汇总表共享给设备、电气专业编辑 | G11: 未开始 | H11: 空冷器数据表订货资料发项目工程师 | I11: 未开始 | N11: =N10 -> 41818 | O11: =N11+30 -> 41848
A12: =ROW()-2 -> 10 | B12: 容器选型 | C12: 完成 | D12: 容器数据表共享给设备、自控、管道专业编辑 | E12: 未开始 | F12: 容器汇总表共享给设备、管道专业编辑 | G12: 未开始 | H12: 容器数据表订货资料发项目工程师 | I12: 未开始 | J12: 设备基础条件发管道 | K12: 未开始 | N12: =N11 -> 41818 | O12: =N12+30 -> 41848
A13: =ROW()-2 -> 11 | B13: 安全阀选型 | C13: 未开始 | D13: 安全阀数据表共享给管道专业编辑 | E13: 未开始 | F13: 安全阀汇总表共享给管道专业编辑 | G13: 未开始 | H13: 安全阀数据表订货资料发项目工程师 | I13: 未开始 | N13: =N12 -> 41818 | O13: =N13+30 -> 41848
A14: =ROW()-2 -> 12 | B14: 管径核算 | C14: 进行中 | D14: 管道表共享给管道专业编辑 | E14: 未开始 | F14: 界区条件表共享给管道专业编辑 | G14: 未开始 | H14: 界区条件表发项目工程师 | I14: 未开始 | N14: =N13 -> 41818 | O14: =N14+30 -> 41848
A15: =ROW()-2 -> 13 | B15: 机泵、压缩机选型 | C15: 未开始 | D15: 泵、压缩机数据表共享给电气、管道、机械专业编辑 | E15: 未开始 | F15: 电专业条件发电气专业 | G15: 未开始 | N15: =N14 -> 41818 | O15: =N15+30 -> 41848
A16: =ROW()-2 -> 14 | B16: 过滤器、喷射器选型 | C16: 未开始 | D16: 过滤器、喷射器数据表共享给管道、自控专业编辑 | E16: 未开始 | N16: =O15+1 -> 41849 | O16: =N16+15 -> 41864
A17: =ROW()-2 -> 15 | B17: P&ID图 | C17: 进行中 | D17: P&ID图共享给管道、自控专业编辑 | E17: 未开始 | F17: “图例符号说明”共享给自控签字 | G17: 未开始 | H17: 自控专业条件发自控专业 | I17: 未开始 | J17: 盲板、限流或降压孔板设计条件发管道专业 | K17: 未开始 | N17: =O7+1 -> 41818 | O17: =N17+31 -> 41849
A18: =ROW()-2 -> 16 | B18: 说明书 | C18: 未开始 | N18: =O17+1 -> 41850 | O18: =N18+15 -> 41865
A19: =ROW()-2 -> 17 | B19: 目录 | C19: 未开始 | N19: =O18+1 -> 41866 | O19: =N19+15 -> 41881
A20: =ROW()-2 -> 18 | B20: 签字检查 | C20: 未开始 | N20: =O19+1 -> 41882 | O20: =N20+1 -> 41883
A22: 注： | B22: 以本专业主流程为Y轴，以外专业条件为X轴。每完成一个Y轴主流程后，就要完成X轴上的所有任务：主流程项1--〉外部专业条件1--〉外部专业条件2-->外部专业条件X……-->主流程项2-->……

Sheet 项目信息
A1: 公称规模，万吨/年 | B1: 260
A2: 操作弹性 | B2: =输入!D3 -> 60~110
A3: 年工作时数，h | B3: 8400
A5: 基本风压 | B5: 714 | C5: Pa
A6: 抗震设防烈度 | B6: 7 度Grade | C6: 7
A7: 地面粗糙度类别 | B7: A类 Category A | C7: 合同技术附件中没有定
A8: 场地土类别 | B8: Ⅲ类 ClassⅢ
A9: 设计地震分组 | B9: 第二组 Number 2
A10: 基本加速度 | B10: 0.10g
A11: 最高气温，℃ | B11: 38.9
A12: 最低气温，℃ | B12: 0.5
A13: 年平均气压，Kpa | B13: 101.07
A14: 海拔高度，m | B14: 350
A15: 非净化压缩空气压力，MPaG | B15: 0.5
A16: 非净化压缩空气温度，℃ | B16: 常温
A17: 净化压缩空气压力，MPaG | B17: 0.5
A18: 净化压缩空气温度，℃ | B18: 常温
A19: 氮气压力，MPaG | B19: 0.6
A20: 氮气温度，℃ | B20: 40
A21: 新鲜水压力，MPaG | B21: 0.35
A22: 新鲜水温度，℃ | B22: 常温
A23: 循环水给水压力，MPaG | B23: 0.4
A24: 循环水给水温度，℃ | B24: 33
A25: 循环水回水压力，MPaG | B25: 0.2
A26: 循环水回水温度，℃ | B26: 43
A27: 低温热水给水压力，MPaG | B27: 0.8
A28: 低温热水给水温度，℃ | B28: 105
A29: 低温热水回水压力，MPaG | B29: 0.5
A30: 低温热水回水温度，℃ | B30: 65
A31: 冷凝水压力，MPaG | B31: 0.8
A32: 冷凝水温度，℃ | B32: 175
A33: 中压蒸汽压力，MPaG | B33: 3.5
A34: 中压蒸汽温度，℃ | B34: 440
... A38: 中压电，v | B38: 10000
A39: 低压电，v | B39: 380 | C39: 220
A40: 频率，HZ | B40: 50±0.5
A41: 空气湿度（最大）,% | B41: 71
A42: 空气湿度（最小）,% | B42: 45
A43: 空气湿度（年平均）,% | B43: 53
A44: 年平均降雨量，mm | B44: 1729
A45: 风压，Pa | B45: 900
A46: 年平均风速（夏季），m/s | B46: 1.7
A47: 年平均风速（冬季），m/s | B47: 2.6
A48: 除盐水压力，MPaG | B48: 0.4
A49: 除盐水温度，℃ | B49: 常温
A50: 除氧水压力，MPaG | B50: 1.6
A51: 除氧水温度，℃ | B51: 104
A52: 净化水压力，MPaG | B52: 0.6
A53: 净化水温度，℃ | B53: 40
A54: 燃料气压力，MPaG | B54: 0.5
A55: 燃料气温度，℃ | B55: 常温

Sheet 输入
B1: 惠州柴油加氢
A2: 1 | B2: 装置规模 | C2: 万吨/年 | D2: 340
A3: 2 | B3: 操作弹性 | C3: % | D3: 60~110
A4: 3 | B4: 年开工时数 | C4: 小时 | D4: 8400
A5: 4 | B5: 生产方案 | C5: 混合芳烃 | D5: 低硫中芳烃 | E5: 蜡油 | F5: 减压尾油 | G5: 兼产液化气
A6: 5 | B6: 物料平衡 | G6: 按氢耗3%(相对于新鲜原料)修订:
C7: wt% | D7: kg/h | E7: 万吨/年 | H7: wt% | I7: kg/h | J7: 万吨/年
B8: 进料 | G8: 进料
B9: 委内瑞拉玛瑞燃料油 | C9: =#REF! -> #REF! | D9: =#REF! -> #REF! | E9: =D9*0.8/1000 -> #REF! | G9: 委内瑞拉玛瑞燃料油 | H9: =#REF! -> #REF! | I9: =#REF! -> #REF! | J9: =I9*0.8/1000 -> #REF!
B10: 催化剂与助剂 | C10: =#REF! -> #REF! | D10: =#REF! -> #REF! | E10: =D10*0.8/1000 -> #REF! | G10: 催化剂与助剂 | H10: =#REF! -> #REF! | I10: =#REF! -> #REF! | J10: =I10*0.8/1000 -> #REF!
B11: 耗氢量 | C11: =#REF! -> #REF! | D11: =#REF! -> #REF! | E11: =D11*0.8/1000 -> #REF! | G11: 耗氢量 | H11: =#REF! -> #REF! | I11: =#REF! -> #REF! | J11: =I11*0.8/1000 -> #REF!
B12: 合计 | C12: =#REF! -> #REF! | D12: =#REF! -> #REF! | E12: =D12*0.8/1000 -> #REF! | G12: 合计 | H12: =#REF! -> #REF! | I12: =#REF! -> #REF! | J12: =I12*0.8/1000 -> #REF!
B13: 出料 | G13: 出料
B14: NH3 | C14: =D14/$D$22*100 -> #REF! | D14: =#REF! -> #REF! | E14: =D14*0.8/1000 -> #REF! | G14: NH3 | H14: =#REF! -> #REF! | I14: =#REF! -> #REF! | J14: =I14*0.8/1000 -> #REF!
B15: H2S | C15: =D15/$D$22*100 -> #REF! | D15: =#REF! -> #REF! | E15: =D15*0.8/1000 -> #REF! | G15: H2S | H15: =#REF! -> #REF! | I15: =#REF! -> #REF! | J15: =I15*0.8/1000 -> #REF!
B16: 干气 | C16: =D16/$D$22*100 -> #REF! | D16: =#REF! -> #REF! | E16: =D16*0.8/1000 -> #REF! | G16: 干气 | H16: =#REF! -> #REF! | I16: =#REF! -> #REF! | J16: =I16*0.8/1000 -> #REF!
B17: 液化气 | C17: =D17/$D$22*100 -> #REF! | D17: =#REF! -> #REF! | E17: =D17*0.8/1000 -> #REF! | G17: 液化气 | H17: =#REF! -> #REF! | I17: =#REF! -> #REF! | J17: =I17*0.8/1000 -> #REF!
B18: 混合芳烃（C5～180℃） | C18: =D18/$D$22*100 -> #REF! | D18: =#REF! -> #REF! | E18: =D18*0.8/1000 -> #REF! | G18: 混合芳烃（C5～180℃） | H18: =#REF! -> #REF! | I18: =#REF! -> #REF! | J18: =I18*0.8/1000 -> #REF!
B19: 低硫中芳烃（180～360℃） | C19: =D19/$D$22*100 -> #REF! | D19: =#REF! -> #REF! | E19: =D19*0.8/1000 -> #REF! | G19: 低硫中芳烃（180～360℃） | H19: =#REF! -> #REF! | I19: =#REF! -> #REF! | J19: =I19*0.8/1000 -> #REF!
B20: 蜡油（360～540℃） | C20: =D20/$D$22*100 -> #REF! | D20: =#REF! -> #REF! | E20: =D20*0.8/1000 -> #REF! | G20: 蜡油（360～540℃） | H20: =#REF! -> #REF! | I20: =#REF! -> #REF! | J20: =I20*0.8/1000 -> #REF!
B21: 减压尾油（>540℃） | C21: =D21/$D$22*100 -> #REF! | D21: =#REF! -> #REF! | E21: =D21*0.8/1000 -> #REF! | G21: 减压尾油（>540℃） | H21: =#REF! -> #REF! | I21: =#REF! -> #REF! | J21: =I21*0.8/1000 -> #REF!
B22: 合计 | C22: =SUM(C14:C21) -> #REF! | D22: =D12 -> #REF! | E22: =D22*0.8/1000 -> #REF! | G22: 合计 | H22: =#REF! -> #REF! | I22: =#REF! -> #REF! | J22: =I22*0.8/1000 -> #REF!
A24: 6 | B24: 反应器型式
B25: 临氢热裂解反应器 | C25: 浆液床
B26: 后加氢精制反应器 | C26: 滴流床
A28: 7 | B28: 主要操作条件
B29: 反应器名称 | C29: 出口总压MPaG | D29: 体积空速/hr | E29: 温度℃ | F29: 氢油比，Nm3/m3
B31: 加氢裂解反应器入口 | C31: =C32 -> 13.25 | D31: 1 | E31: 440 | F31: 800
B32: 加氢裂解反应器出口 | C32: =F51+0.3 -> 13.25 | E32: 440
B33: 加氢精制反应器入口 | C33: =C34+0.3 -> 12.9 | D33: 1 | E33: 360 | F33: 800
B34: 加氢精制反应器出口 | C34: =F54+0.4 -> 12.6 | E34: 370
D35: 原来 | F35: 调整后 | H35: 惠州高压蜡油加氢循环氢压缩机入口、出口压降
B36: 新氢压缩机入口压力 | C36: MPaG | D36: 2 | F36: =D36 -> 2 | H36: sor | I36: eor
B37: 新氢压缩机出口压力 | C37: MPaG | D37: 11 | E37: 1.5MPG系统压降 | F37: =C31+0.5+0.3 -> 14.05 | H37: 13.86 | I37: 13.92 | J37: =I37-H37 -> 0.06
B38: 循环氢压缩机入口压力 | C38: MPaG | D38: 11 | F38: =F49-0.1 -> 11.8 | G38: 2.25MPa系统压降 | H38: 15.89 | I38: 16.35 | J38: =I38-H38 -> 0.46
B39: 循环氢压缩机出口压力 | C39: MPaG | D39: 12.5 | F39: =F37 -> 14.05 | H39: =H38-H37 -> 2.03 | I39: =I38-I37 -> 2.43
B40: 低硫中芳烃汽提塔顶压力 | C40: MPaG
B41: 减压塔顶压力 | C41: kPaA | D41: 2 | F41: 2
B42: 硫化氢汽提塔顶压力 | C42: MPaG | D42: 0.9 | F42: 0.9
B43: 汽提蒸汽压力 | C43: MPaG | D43: 1 | F43: 1
B44: 常压塔顶压力 | C44: MPaG | D44: 0.15 | F44: 0.15
B45: 汽提蒸汽压力 | C45: MPaG | D45: 1 | F45: 1
B47: 吸收脱吸塔顶压力 | C47: MPaG | D47: 0.85 | F47: 0.85
B48: 稳定塔顶压力 | C48: MPaG | D48: 1.1 | F48: 1.1
B49: 循环氢脱硫塔顶压力 | C49: MPaG | D49: 11.5 | F49: =F56-0.1 -> 11.9
B51: 裂解热高分罐压力 | C51: MPaG | D51: 11.8 | F51: =C33+0.05 -> 12.95
B52: 裂解热低分罐压力 | C52: MPaG | D52: 2.4 | F52: 1.5
B53: 裂解冷低分罐压力 | C53: MPaG | F53: =F52-0.1 -> 1.4
B54: 精制热高分罐压力 | C54: MPaG | D54: 12 | F54: =F56+0.2 -> 12.2
B55: 精制热低分罐压力 | C55: MPaG | D55: 2.4 | F55: =F57+0.1 -> 2.4
B56: 精制冷高分罐压力 | C56: MPaG | D56: 11.8 | F56: 12 | G56: 基准
B57: 精制冷低分罐压力 | C57: MPaG | D57: 2.4 | F57: 2.3
A63: 8 | B63: 设计要点
A64: 8.1 | B64: 反应器
B65: 加氢裂解反应器
B66: 加氢精制反应器
A68: 8.2 | B68: 裂解热高分罐前加换热器,降温至400℃,防止裂解热高分中发生二次裂解反应
B69: 裂解热高分罐顶设蜡油洗涤线,防止雾沫夹带渣油至精制反应器
B70: 裂解热低分油进减压塔前增设汽提闪蒸塔,尽量让低硫中芳烃从塔顶闪蒸出去,降低减压塔进料中低硫中芳烃含量
A72: 8.3 | C72: 计算 | D72: 初步 | E72: 最终确定
B73: 低硫中芳烃汽提塔直径 mm
B74: 减压塔直径 mm
B75: 硫化氢汽提塔直径 mm
B76: 常压塔直径 mm
B77: 吸收塔直径 mm
B78: 解吸塔直径 mm
B79: 稳定塔直径 mm
B80: 循环氢脱硫塔直径 mm
A82: 9 | B82: 设计参考
B83: 参考装置 | C83: 中国海洋石油总公司惠州炼油项目400万吨/年高压蜡油加氢裂化装置
C84: 中国石油股份有限公司抚顺分公司5万吨/年悬浮床渣油加氢工业试验装置
A86: 10 | B86: 其他
B87: 参见技术附件
A89: 11 | B89: 硫分布
B90: 项目 | C90: 硫含量W% | D90: 总硫量kg/h | E90: 硫分布W% | G90: 流量kg/h
C91: （对组分） | E91: （对原料）
B92: 原料 | C92: 2.84 | D92: =125000*C92/100 -> 3550 | E92: 100 | G92: 125000
B93: H2S | C93: =32/34*100 -> 94.117647 | D93: =C93*G93/100 -> #REF! | E93: =D93*100/$D$92 -> #REF! | G93: =I15 -> #REF!
B94: 干气 | D94: =C94*G94/100 -> #REF! | E94: =D94*100/$D$92 -> #REF! | G94: =I16 -> #REF!
B95: 液化气 | C95: 0.002 | D95: =C95*G95/100 -> #REF! | E95: =D95*100/$D$92 -> #REF! | G95: =I17 -> #REF!
B96: 混合芳烃 | C96: 0.005 | D96: =C96*G96/100 -> #REF! | E96: =D96*100/$D$92 -> #REF! | G96: =I18 -> #REF!
B97: 低硫中芳烃 | C97: 0.004 | D97: =C97*G97/100 -> #REF! | E97: =D97*100/$D$92 -> #REF! | G97: =I19 -> #REF!
B98: 蜡油 | C98: 0.023 | D98: =C98*G98/100 -> #REF! | E98: =D98*100/$D$92 -> #REF! | G98: =I20 -> #REF!
B99: 尾油 | C99: 3.89 | D99: =C99*G99/100 -> #REF! | E99: =D99*100/$D$92 -> #REF! | G99: =I21 -> #REF!
B100: 合计 | D100: =SUM(D93:D99) -> #REF! | E100: =SUM(E93:E99) -> #REF!
A102: 12 | B102: 氮分布
B103: 项目 | C103: N含量W% | D103: 总N量kg/h | E103: N分布W% | G103: 流量kg/h
C104: （对组分） | E104: （对原料）
B105: 原料 | C105: 0.5 | D105: =125000*C105/100 -> 625 | E105: 100 | G105: 125000
B106: NH3 | C106: =14/17*100 -> 82.352941 | D106: =C106*G106/100 -> #REF! | E106: =D106*100/$D$105 -> #REF! | G106: =I14 -> #REF!
B107: 干气 | C107: 0 | D107: =C107*G107/100 -> #REF! | E107: =D107*100/$D$105 -> #REF! | G107: =I16 -> #REF!
B108: 液化气 | C108: 0 | D108: =C108*G108/100 -> #REF! | E108: =D108*100/$D$105 -> #REF! | G108: =I17 -> #REF!
B109: 混合芳烃 | C109: 0.0017 | D109: =C109*G109/100 -> #REF! | E109: =D109*100/$D$105 -> #REF! | G109: =I18 -> #REF!
B110: 低硫中芳烃 | C110: 0.0019 | D110: =C110*G110/100 -> #REF! | E110: =D110*100/$D$105 -> #REF! | G110: =I19 -> #REF!
B111: 蜡油 | C111: 0.0053 | D111: =C111*G111/100 -> #REF! | E111: =D111*100/$D$105 -> #REF! | G111: =I20 -> #REF!
B112: 尾油 | C112: 1.53 | D112: =C112*G112/100 -> #REF! | E112: =D112*100/$D$105 -> #REF! | G112: =I21 -> #REF!
B113: 合计 | D113: =SUM(D106:D112) -> #REF! | E113: =SUM(E106:E112) -> #REF!

Sheet 柴油加氢物料平衡(杜邦)
G1: 处理能力： | H1: 260 | I1: 万吨/年
G2: 操作时数 | H2: 8400 | I2: 小时/年
B3: 加氢装置物料平衡 | F3: 总物料平衡（按氢耗3w%调整） | M3: 产品硫分布计算 | Q3: 产品氮分布计算
B4: 进料 | C4: 进出料名称 | D4: 百分率，wt% | F4: 进料 | G4: 进出料名称 | H4: 百分率，wt% | I4: 数量 | J4: 单位 | K4: 万吨/年 | M4: 项目 | N4: 数值 | O4: 备注 | Q4: 项目 | R4: 数值 | S4: 备注
C5: 委内瑞拉玛瑞燃料油 | D5: 97.8 | G5: 委内瑞拉玛瑞燃料油 | H5: =I5/$I$8*100 -> #REF! | I5: =H1/H2*10000*1000 -> 309523.81 | J5: kg/h | K5: =I5*$H$2/1000/10000 -> 260 | M5: 原料油硫含量（m,%) | N5: 2.84 | O5: 见本次“设计基础数据”表1 | Q5: 原料油氮含量（m,%) | R5: 0.5 | S5: 见“设计基础数据”表1
C6: 催化剂与助剂 | D6: 0.3 | G6: 催化剂与助剂 | H6: =I6/$I$8*100 -> #REF! | I6: =#REF! -> #REF! | J6: kg/h | K6: =I6*$H$2/1000/10000 -> #REF! | M6: 原料油硫占总进料（m,%) | N6: =N5*H5/100 -> #REF! | Q6: 原料油氮占总进料（m,%) | R6: =R5*H5/100 -> #REF!
C7: 耗氢量 | D7: 1.9 | G7: 耗氢量 | H7: =I7/$I$8*100 -> #REF! | I7: 3750 | J7: kg/h | K7: =I7*$H$2/1000/10000 -> 3.15 | M7: 减压尾油硫含量(m,%) | N7: 3.89 | O7: 见本次“设计基础数据”表16 | Q7: 减压尾油氮含量(m,%) | R7: 1.53 | S7: 见“设计基础数据”表16
C8: 总进料 | D8: 100 | G8: 总进料 | H8: =SUM(H5:H7) -> #REF! | I8: =SUM(I5:I7) -> #REF! | J8: kg/h | K8: =I8*$H$2/1000/10000 -> #REF! | M8: 减压尾油硫占总出料含量(m,%) | N8: =N7*H16/100 -> #REF! | O8: 尾油未精制 | Q8: 减压尾油氮占总出料含量(m,%) | R8: =R7*H16/100 -> #REF! | S8: 尾油未精制
B9: 出料 | C9: NH3 | D9: 0.03 | F9: 出料 | G9: NH3 | H9: =I9/$I$17*100 -> #REF! | I9: =#REF! -> #REF! | J9: kg/h | K9: =I9*$H$2/1000/10000 -> #REF! | M9: 液化气中硫含量(m,ppm) | N9: 20 | Q9: 液化气中氮含量(m,ppm) | R9: 0
C10: H2S | D10: 1.1 | G10: H2S | H10: =I10/$I$17*100 -> #REF! | I10: =#REF! -> #REF! | J10: kg/h | K10: =I10*$H$2/1000/10000 -> #REF! | M10: 液化气中硫占总出料含量(m,%) | N10: =N9/1000000*H12 -> #REF! | Q10: 液化气中氮占总出料含量(m,%) | R10: =R9/1000000*H12 -> #REF!
C11: 干气 | D11: 1.74 | G11: 干气 | H11: =I11/$I$17*100 -> #REF! | I11: =#REF!+I7-#REF! -> #REF! | J11: kg/h | K11: =I11*$H$2/1000/10000 -> #REF! | M11: 石脑油中硫含量(m,%) | N11: 0.005 | O11: 380#精制后实验数据，GB17920-2011为0.015 | Q11: 石脑油中氮含量(m,%) | R11: 0.0017 | S11: 380#精制后实验数据
C12: 液化气 | D12: 1.74 | G12: 液化气 | H12: =I12/$I$17*100 -> #REF! | I12: =#REF! -> #REF! | J12: kg/h | K12: =I12*$H$2/1000/10000 -> #REF! | M12: 石脑油中硫占总出料含量(m,%) | N12: =N11*H13/100 -> #REF! | Q12: 石脑油中氮占总出料含量(m,%) | R12: =R11*H13/100 -> #REF!
C13: 石脑油（C5～180℃） | D13: 11.54 | G13: 石脑油（C5～180℃） | H13: =I13/$I$17*100 -> #REF! | I13: =#REF! -> #REF! | J13: kg/h | K13: =I13*$H$2/1000/10000 -> #REF! | M13: 柴油中硫含量(m,%) | N13: 0.004 | O13: 380#精制后实验数据，GB19147-2009为0.035 | Q13: 柴油中氮含量(m,%) | R13: 0.0019 | S13: 380#精制后实验数据
C14: 柴油馏分（180～360℃） | D14: 43.28 | G14: 柴油馏分（180～360℃） | H14: =I14/$I$17*100 -> #REF! | I14: =#REF! -> #REF! | J14: kg/h | K14: =I14*$H$2/1000/10000 -> #REF! | M14: 柴油中硫占总出料含量(m,%) | N14: =N13*H14/100 -> #REF! | Q14: 柴油中氮占总出料含量(m,%) | R14: =R13*H14/100 -> #REF!
C15: 蜡油（360～540℃） | D15: 26.53 | G15: 蜡油（360～540℃） | H15: =I15/$I$17*100 -> #REF! | I15: =#REF! -> #REF! | J15: kg/h | K15: =I15*$H$2/1000/10000 -> #REF! | M15: 蜡油中硫含量(m,%) | N15: 0.023 | O15: 380#精制后实验数据 | Q15: 蜡油中氮含量(m,%) | R15: 0.0053 | S15: 380#精制后实验数据
C16: 减压尾油（>540℃） | D16: 14.04 | G16: 减压尾油（>540℃） | H16: =I16/$I$17*100 -> #REF! | I16: =#REF! -> #REF! | J16: kg/h | K16: =I16*$H$2/1000/10000 -> #REF! | M16: 蜡油中硫占总出料含量(m,%) | N16: =N15*H15/100 -> #REF! | Q16: 蜡油中氮占总出料含量(m,%) | R16: =R15*H15/100 -> #REF!
C17: 合计 | D17: 100 | G17: 合计 | H17: =SUM(H9:H16) -> #REF! | I17: =SUM(I9:I16) -> #REF! | J17: kg/h | K17: =I17*$H$2/1000/10000 -> #REF! | M17: H2S中硫占总出料含量(m,%) | N17: =N6-N8-N10-N12-N14-N16 -> #REF! | Q17: NH3中氮占总出料含量(m,%) | R17: =R6-R8-R10-R12-R14-R16 -> #REF!
C18: 甲苯不溶物 | D18: 0.31 | M18: H2S占总出料含量(m,%) | N18: =N17*34/32 -> #REF! | Q18: NH3占总出料含量(m,%) | R18: =R17*17/14 -> #REF!
B19: 注：本表数据由石油大学提供 | F19: 注：按精制后仅蜡油减少计算产品分布
F22: 修改后物料平衡
F24: 进料 | G24: 进出料名称 | H24: 百分率，wt% | I24: 数量 | J24: 单位 | L24: S% | M24: S，kg/h | N24: 分布，% | P24: N% | Q24: N，kg/h | R24: 分布，%
G25: 委内瑞拉玛瑞燃料油 | H25: =I25/1293.75 -> 96.618357 | I25: 125000 | J25: kg/h | L25: 2.84 | M25: =L25*I25/100 -> 3550 | N25: =M25/35.5 -> 100 | P25: 0.5 | Q25: =P25*I25/100 -> 625 | R25: =Q25/6.25 -> 100
G26: 催化剂与助剂 | H26: =I26/1293.75 -> 0.48309179 | I26: 625 | J26: kg/h | R26: =Q26/6.25 -> 0
G27: 耗氢量 | H27: =I27/1293.75 -> 2.8985507 | I27: 3750 | J27: kg/h | R27: =Q27/6.25 -> 0
G28: 总进料 | H28: =SUM(H25:H27) -> 100 | I28: =SUM(I25:I27) -> 129375 | J28: kg/h | M28: 3550 | N28: =M28/35.5 -> 100 | Q28: 625 | R28: =Q28/6.25 -> 100
F29: 出料 | G29: NH3 | H29: =I29/$I$37*100 -> 0.28224155 | I29: 365.15 | J29: kg/h | M29: =L29*I29/100 -> 0 | N29: =M29/35.5 -> 0 | P29: 82.35 | Q29: =P29*I29/100 -> 300.70103 | R29: =Q29/6.25 -> 48.112164
G30: H2S | H30: =I30/$I$37*100 -> 2.2360193 | I30: 2892.85 | J30: kg/h | L30: 94.12 | M30: =L30*I30/100 -> 2722.7504 | N30: =M30/35.5 -> 76.697195 | Q30: =P30*I30/100 -> 0 | R30: =Q30/6.25 -> 0
G31: 干气 | H31: =I31/$I$37*100 -> 2.0228019 | I31: 2617 | J31: kg/h | M31: =L31*I31/100 -> 0 | N31: =M31/35.5 -> 0 | Q31: =P31*I31/100 -> 0 | R31: =Q31/6.25 -> 0
G32: 液化气 | H32: =I32/$I$37*100 -> 1.7391304 | I32: 2250 | J32: kg/h | L32: 0.002 | M32: =L32*I32/100 -> 0.045 | N32: =M32/35.5 -> 0.0012676056 | Q32: =P32*I32/100 -> 0 | R32: =Q32/6.25 -> 0
G33: 石脑油（C5～180℃） | H33: =I33/$I$37*100 -> 10.743961 | I33: 13900 | J33: kg/h | L33: 0.005 | M33: =L33*I33/100 -> 0.695 | N33: =M33/35.5 -> 0.019577465 | P33: 0.0017 | Q33: =P33*I33/100 -> 0.2363 | R33: =Q33/6.25 -> 0.037808
G34: 柴油馏分（180～360℃） | H34: =I34/$I$37*100 -> 41.73913 | I34: 54000 | J34: kg/h | L34: 0.004 | M34: =L34*I34/100 -> 2.16 | N34: =M34/35.5 -> 0.06084507 | P34: 0.0019 | Q34: =P34*I34/100 -> 1.026 | R34: =Q34/6.25 -> 0.16416
G35: 蜡油（360～540℃） | H35: =I35/$I$37*100 -> 25.004831 | I35: 32350 | J35: kg/h | L35: 0.023 | M35: =L35*I35/100 -> 7.4405 | N35: =M35/35.5 -> 0.20959155 | P35: 0.0053 | Q35: =P35*I35/100 -> 1.71455 | R35: =Q35/6.25 -> 0.274328
G36: 减压尾油（>540℃） | H36: =I36/$I$37*100 -> 16.231884 | I36: 21000 | J36: kg/h | L36: 3.89 | M36: =L36*I36/100 -> 816.9 | N36: =M36/35.5 -> 23.011268 | P36: 1.53 | Q36: =P36*I36/100 -> 321.3 | R36: =Q36/6.25 -> 51.408
G37: 合计 | H37: =SUM(H29:H36) -> 100 | I37: =SUM(I29:I36) -> 129375 | J37: kg/h | M37: =SUM(M30:M36) -> 3549.9909 | N37: =M37/35.5 -> 99.999744 | Q37: =SUM(Q29:Q36) -> 624.97788 | R37: =Q37/6.25 -> 99.99646

Sheet 物流参数
B1: Unit | C1: 100 | D1: 101 | E1: 102 | F1: 103 | G1: 104 | H1: 105 | I1: 106 | J1: 107 | K1: 108 | L1: 109 | M1: 110 | N1: 111 | O1: 112 | P1: 113 | Q1: 114 | R1: 115 | S1: 116 | T1: 117 | U1: 118 | V1: 119 | W1: 120 | X1: 121 | Y1: 200 | Z1: 201 | AA1: 202 | AB1: 203 | AC1: 204 | AD1: 205 | AE1: 206 | AF1: 207 | AG1: 208 | AH1: 209 | AI1: 210 | AJ1: 211 | AK1: 212 | AL1: 213 | AM1: 214 | AN1: 215 | AO1: 216 | AP1: 217 | AQ1: 218 | AR1: 219 | AS1: 220 | AT1: 221 | AU1: 222 | AV1: 223 | AW1: 224 | AX1: 225 | AY1: 300 | AZ1: 301 | BA1: 302 | BB1: 303 | BC1: 304 | BD1: 305 | BE1: 306 | BF1: 307 | BG1: 308 | BH1: 309 | BI1: 310 | BJ1: 311 | BK1: 312 | BL1: 313 | BM1: 314 | BN1: 315 | BO1: 316 | BP1: 317 | BQ1: 318 | BR1: 319 | BS1: 320 | BT1: 321 | BU1: 322 | BV1: 400 | BW1: 401 | BX1: 402 | BY1: 403 | BZ1: 404 | CA1: 405 | CB1: 406 | CC1: 407 | CD1: 408 | CE1: 409 | CF1: 410 | CG1: 411 | CH1: 412 | CI1: 413 | CJ1: 414 | CK1: 415 | CL1: 416 | CM1: 417 | CN1: 418 | CO1: 419 | CP1: 420 | CQ1: 421 | CR1: 422 | CS1: 423 | CT1: 424 | CU1: 425 | CV1: 426 | CW1: 427 | CX1: 428 | CY1: 429 | CZ1: 500 | DA1: 501 | DB1: 502 | DC1: 503 | DD1: 504 | DE1: 505 | DF1: 506 | DG1: 507 | DH1: 508 | DI1: 509 | DJ1: 510 | DK1: 511 | DL1: 512 | DM1: 513 | DN1: 514 | DO1: 515 | DP1: 516 | DQ1: 517 | DR1: 518 | DS1: 519 | DT1: 520 | DU1: 521 | DV1: 522 | DW1: 523 | DX1: 524 | DY1: 525 | DZ1: 526 | EA1: 527 | EB1: 528 | EC1: 529 | ED1: 530 | EE1: 531 | EF1: 532 | EG1: 533 | EH1: 600 | EI1: 601 | EJ1: 602 | EK1: 603 | EL1: 604 | EM1: 605 | EN1: 606 | EO1: 607 | EP1: 608 | EQ1: 609 | ER1: 610 | ES1: 611 | ET1: 612 | EU1: 613 | EV1: 614 | EW1: 700 | EX1: 701 | EY1: 702 | EZ1: 703 | FA1: 704 | FB1: 705 | FC1: 706 | FD1: 707 | FE1: 708 | FF1: 709 | FG1: 710 | FH1: 711 | FI1: 712
A3: TOTAL MASS FLOW | B3: kg/h | C3: 26676.4 | D3: 236419 | E3: 46428.6 | F3: 263095.4 | G3: 46428.6 | H3: 309524 | I3: 309524 | J3: 309524 | K3: 309524 | L3: 309524 | M3: 309524 | N3: 446 | O3: 309970 | P3: 268934.3 | Q3: 309970 | R3: 268934.3 | S3: 40340.14 | T3: 40340.14 | U3: 40340.14 | V3: 228594.15 | W3: 309524 | X3: 309524 | Y3: 309970 | Z3: 309970 | AA3: 741526.97 | AB3: 428894.98 | AC3: 428894.98 | AD3: 738864.98 | AE3: 739147.94 | AF3: 282.96 | AG3: 605.14 | AH3: 736.13 | AI3: 667.64 | AJ3: 479.56 | AK3: 16.66 | AL3: 19.15 | AM3: 19.15 | AN3: 24.85 | AO3: 26.92 | AP3: 109.44 | AQ3: 312631.98 | AR3: 312631.98 | AS3: 312631.98 | AT3: 312631.98 | AU3: 6702.76 | AV3: 5215.35 | AW3: 5238.27 | AX3: 22.9 | AY3: 12588.46 | AZ3: 12697.9 | BA3: 12697.9 | BB3: 23397.9 | BC3: 23397.9 | BD3: 27715.9 | BE3: 27715.9 | BF3: 11306.67 | BG3: 16068.71 | BH3: 4604.55 | BI3: 4604.55 | BJ3: 11804.68 | BK3: 11804.68 | BL3: 300043.52 | BM3: 300043.52 | BN3: 32429.87 | BO3: 3189.14 | BP3: 13100 | BQ3: 13100 | BR3: 13100 | BS3: 2400 | BT3: 10700 | BU3: 4318 | BV3: 6542.55 | BW3: 300816.72 | BX3: 300816.72 | BY3: 300816.72 | BZ3: 300816.72 | CA3: 7799.01 | CB3: 7799.01 | CC3: 293017.71 | CD3: 293017.71 | CE3: 293017.71 | CF3: 268934.3 | CG3: 312631.98 | CH3: 20673.98 | CI3: 23073.98 | CJ3: 23073.98 | CK3: 23073.98 | CL3: 15182.02 | CM3: 15182.02 | CN3: 7350.08 | CO3: 7831.94 | CP3: 4762.04 | CQ3: 3129.9242 | CR3: 3129.9242 | CS3: 2950 | CT3: 2950 | CU3: 26811.03 | CV3: 27191.6 | CW3: 6702.76 | CX3: 20108.27 | CY3: 380.58 | CZ3: 268934.3 | DA3: 268934.3 | DB3: 64817.89 | DC3: 64817.89 | DD3: 54907.02 | DE3: 54907.02 | DF3: 50827.5 | DG3: 4079.53 | DH3: 4079.53 | DI3: 4079.53 | DJ3: 9910.86 | DK3: 125000 | DL3: 125000 | DM3: 125000 | DN3: 125000 | DO3: 125000 | DP3: 30583.42 | DQ3: 30583.42 | DR3: 3941.42 | DS3: 27112 | DT3: 27112 | DU3: 27112 | DV3: 4066.8 | DW3: 4066.8 | DX3: 23045.2 | DY3: 32429.87 | DZ3: 3337.47 | EA3: 5215.35 | EB3: 5215.35 | EC3: 268934.3 | ED3: 470 | EE3: 8750 | EF3: 23473.55 | EG3: 3981.73 | EH3: 3217.43 | EI3: 4044.54 | EJ3: 4044.54 | EK3: 4044.54 | EL3: 4044.54 | EM3: 4044.54 | EN3: 4044.54 | EO3: 4044.54 | EP3: 4044.54 | EQ3: 4044.54 | ER3: 3217.43 | ES3: 827.11 | ET3: 827.11 | EU3: 827.11 | EV3: 446 | EW3: 164000 | EX3: 164000 | EY3: 164000 | EZ3: 164000 | FA3: 164000 | FB3: 6070.86 | FC3: 6068.37 | FD3: 6068.37 | FE3: 2.49 | FF3: 2.49 | FG3: 169484.76 | FH3: 169484.76 | FI3: 169487.26
A4: TOTAL MOLAR FLOW | B4: kmol/h | C4: 62.66 | D4: 577.2 | E4: 112.92 | F4: 639.86 | G4: 112.92 | H4: 752.77 | I4: 752.77 | J4: 752.77 | K4: 752.77 | L4: 752.77 | M4: 752.77 | N4: 219.7 | O4: 972.47 | P4: 704.12 | Q4: 972.47 | R4: 704.12 | S4: 105.62 | T4: 105.62 | U4: 105.62 | V4: 598.5 | Y4: 972.47 | Z4: 972.47 | AA4: 3460.4 | AB4: 2001.47 | AC4: 2001.47 | AD4: 2973.95 | AE4: 3113.34 | AF4: 139.39 | AG4: 298.09 | AH4: 362.62 | AI4: 328.88 | AJ4: 236.23 | AK4: 1 | AL4: 1 | AM4: 1 | AN4: 1 | AO4: 1 | AP4: 5.01 | AQ4: 1458.92 | AR4: 1458.92 | AS4: 1458.92 | AT4: 1458.92 | AU4: 372.1 | AV4: 289.5 | AW4: 290.77084 | AX4: 1.27 | AY4: 486.49 | AZ4: 491.5 | BA4: 491.5 | BB4: 1085.45 | BC4: 1085.45 | BD4: 1524.93 | BE4: 1524.93 | BF4: 616.19 | BG4: 875.82 | BH4: 47.11 | BI4: 47.11 | BJ4: 861.62 | BK4: 861.62 | BL4: 972.43 | BM4: 972.43 | BN4: 1800.15 | BO4: 177.03 | BP4: 727.17 | BQ4: 727.17 | BR4: 727.17 | BS4: 133.22 | BT4: 593.95 | BU4: 439.48 | BV4: 50.93 | BW4: 902.93 | BX4: 902.93 | BY4: 902.93 | BZ4: 902.93 | CA4: 77.42 | CB4: 77.42 | CC4: 825.51 | CD4: 825.51 | CE4: 825.51 | CF4: 704.12 | CG4: 1458.92 | CH4: 423.1 | CI4: 556.32 | CJ4: 556.32 | CK4: 556.32 | CL4: 183.76 | CM4: 183.76 | CN4: 88.97 | CO4: 94.8 | CP4: 259.63 | CQ4: 112.92 | CR4: 112.92 | CS4: 163.75 | CT4: 163.75 | CU4: 1488.25 | CV4: 1509.38 | CW4: 372.06 | CX4: 1116.19 | CY4: 21.13 | CZ4: 704.12 | DA4: 704.12 | DB4: 1034.58 | DC4: 1034.58 | DD4: 484.44 | DE4: 484.44 | DF4: 448.45 | DG4: 35.99 | DH4: 35.99 | DI4: 35.99 | DJ4: 550.14 | DK4: 588.69 | DL4: 588.69 | DM4: 588.69 | DN4: 588.69 | DO4: 588.69 | DP4: 144.03 | DQ4: 144.03 | DR4: 45.65 | DS4: 124.47 | DT4: 124.47 | DU4: 124.47 | DV4: 18.67 | DW4: 18.67 | DX4: 105.8 | DY4: 1800.15 | DZ4: 185.26 | EA4: 289.5 | EB4: 289.5 | EC4: 704.12 | ED4: 26.09 | EE4: 485.7 | EF4: 1302.99 | EG4: 221.02 | EH4: 1584.92 | EI4: 1992.36 | EJ4: 1992.36 | EK4: 1992.36 | EL4: 1992.36 | EM4: 1992.36 | EN4: 1992.36 | EO4: 1992.36 | EP4: 1992.36 | EQ4: 1992.36 | ER4: 1584.92 | ES4: 407.44 | ET4: 407.44 | EU4: 407.44 | EV4: 219.7 | EW4: 6781.83 | EX4: 6781.83 | EY4: 6781.83 | EZ4: 6781.83 | FA4: 6781.83 | FB4: 697.04 | FC4: 696.9 | FD4: 696.9 | FE4: 0.14 | FF4: 0.14 | FG4: 6943.87 | FH4: 6943.87 | FI4: 6944.01
A5: TEMPERATURE | B5: °C | C5: 115 | D5: 115 | E5: 90 | F5: 120.18 | G5: 90.21 | H5: 115.79 | I5: 184.97 | J5: 185 | K5: 184.99 | L5: 187.05 | M5: 187.47 | N5: 109.24 | O5: 186.03 | P5: 281.11 | Q5: 204 | R5: 139.76 | S5: 139.76 | T5: 120 | U5: 120.06 | V5: 139.76 | Y5: 326.78 | Z5: 344.3 | AA5: 417.67 | AB5: 417.67 | AC5: 418.15 | AD5: 388.36 | AE5: 387.28 | AF5: 109.37 | AG5: 109.41 | AH5: 109.42 | AI5: 109.45 | AJ5: 109.46 | AK5: 387.28 | AL5: 393.83 | AM5: 393.83 | AN5: 406.73 | AO5: 410.9 | AP5: 396.73 | AQ5: 417.67 | AR5: 287 | AS5: 287.04 | AT5: 285.17 | AU5: 275.13 | AV5: 205.43 | AW5: 200 | AX5: 152 | AY5: 285.17 | AZ5: 286.43 | BA5: 189 | BB5: 120.79 | BC5: 55 | BD5: 51.97 | BE5: 40 | BF5: 40.41 | BG5: 40.3 | BH5: 39.7 | BI5: 255.99 | BJ5: 40 | BK5: 39.96 | BL5: 285.17 | BM5: 285.41 | BN5: 104 | BO5: 104 | BP5: 95.46 | BQ5: 95.46 | BR5: 96.13 | BS5: 96.51 | BT5: 96.16 | BU5: 48 | BV5: 222.94 | BW5: 282.47 | BX5: 282.3 | BY5: 311 | BZ5: 335 | CA5: 335 | CB5: 334.31 | CC5: 335 | CD5: 335.25 | CE5: 357 | CF5: 298.96 | CG5: 395.66 | CH5: 159.23 | CI5: 143.33 | CJ5: 55 | CK5: 40 | CL5: 39.99 | CM5: 40.28 | CN5: 40.41 | CO5: 40.43 | CP5: 40.02 | CQ5: 39.97 | CR5: 39.31 | CS5: 260 | CT5: 258.67 | CU5: 275.13 | CV5: 260 | CW5: 198.9 | CX5: 198.9 | CY5: 152 | CZ5: 330.49 | DA5: 331 | DB5: 129.2 | DC5: 92.4 | DD5: 92.39 | DE5: 92.95 | DF5: 92.95 | DG5: 92.95 | DH5: 39.94 | DI5: 40 | DJ5: 92.58 | DK5: 234.36 | DL5: 234.5 | DM5: 214 | DN5: 181 | DO5: 181 | DP5: 234.39 | DQ5: 234.39 | DR5: 231.78 | DS5: 223.17 | DT5: 223.81 | DU5: 129.34 | DV5: 50 | DW5: 50.04 | DX5: 129.35 | DY5: 152 | DZ5: 199.23 | EA5: 166.94 | EB5: 158.41 | EC5: 214 | ED5: 221.39 | EE5: 221.39 | EF5: 199.23 | EG5: 260 | EH5: 40 | EI5: 40 | EJ5: 40 | EK5: 108.03 | EL5: 40 | EM5: 40 | EN5: 107.73 | EO5: 40 | EP5: 40 | EQ5: 109.17 | ER5: 109.18 | ES5: 109.18 | ET5: 38.84 | EU5: 40 | EV5: 109.18 | EW5: 40 | EX5: 40 | EY5: 40 | EZ5: 50 | FA5: 50 | FB5: 50 | FC5: 50 | FD5: 50 | FE5: 50 | FF5: 50 | FG5: 50 | FH5: 50 | FI5: 50
A6: PRESSURE | B6: MPa(g) | C6: 0.4 | D6: 0.4 | E6: 0.4 | F6: 0.2 | G6: 0.2 | H6: 0.2 | I6: 0.9 | J6: 0.6 | K6: 0.42 | L6: 16.06 | M6: 15.1 | N6: 15.1 | O6: 15.1 | P6: 1.32 | Q6: 15.03 | R6: 1.15 | S6: 1.15 | T6: 1.12 | U6: 1 | V6: 1.15 | Y6: 14.7 | Z6: 14.36 | AA6: 13.83 | AB6: 13.86 | AC6: 14.4 | AD6: 14.21 | AE6: 14.21 | AF6: 14.21 | AG6: 14.01 | AH6: 13.99 | AI6: 13.83 | AJ6: 13.82 | AK6: 14.18 | AL6: 13.98 | AM6: 13.98 | AN6: 13.8 | AO6: 13.79 | AP6: 2.99 | AQ6: 13.85 | AR6: 13.47 | AS6: 13.37 | AT6: 2.99 | AU6: 1.25 | AV6: 0.33 | AW6: 0.3 | AX6: 2.38 | AY6: 2.99 | AZ6: 2.99 | BA6: 2.88 | BB6: 2.88 | BC6: 2.85 | BD6: 2.85 | BE6: 2.81 | BF6: 0.91 | BG6: 0.9 | BH6: 1.28 | BI6: 1.21 | BJ6: 2.81 | BK6: 2.8 | BL6: 2.99 | BM6: 1.22 | BN6: 2.49 | BO6: 2.5 | BP6: 0.4 | BQ6: 0.4 | BR6: 3.01 | BS6: 1.06 | BT6: 2.9 | BU6: 2.86 | BV6: 1.07 | BW6: 1.09 | BX6: 0.3 | BY6: 0.23 | BZ6: 0.2 | CA6: 0.2 | CB6: 0.08 | CC6: 0.2 | CD6: 0.54 | CE6: 0.2 | CF6: 1.36 | CG6: 13.78 | CH6: 1.06 | CI6: 1.06 | CJ6: 1.02 | CK6: 0.99 | CL6: 1 | CM6: 1.38 | CN6: 1.06 | CO6: 1 | CP6: 0.91 | CQ6: 0.98 | CR6: 0.9 | CS6: 1.2 | CT6: 1.09 | CU6: 1.25 | CV6: 1.2 | CW6: 1.42 | CX6: 1.42 | CY6: 2.38 | CZ6: 0.14 | DA6: 1.48 | DB6: 0.08 | DC6: 0.04 | DD6: 0.06 | DE6: 1.16 | DF6: 1.15 | DG6: 1.16 | DH6: 1.12 | DI6: 1 | DJ6: 0.4 | DK6: 0.24 | DL6: 0.53 | DM6: 0.46 | DN6: 0.39 | DO6: 0.09 | DP6: 0.09 | DQ6: 0.09 | DR6: 0.09 | DS6: 0.11 | DT6: 1.22 | DU6: 1.13 | DV6: 1.08 | DW6: 1 | DX6: 1.1 | DY6: 2.38 | DZ6: 1.43 | EA6: 0.63 | EB6: 0.38 | EC6: 1.26 | ED6: 0.3 | EE6: 0.3 | EF6: 1.43 | EG6: 1.2 | EH6: 2.4 | EI6: 2.39 | EJ6: 2.38 | EK6: 4.48 | EL6: 4.41 | EM6: 4.4 | EN6: 8.17 | EO6: 8.1 | EP6: 8.1 | EQ6: 15.12 | ER6: 15.07 | ES6: 15.08 | ET6: 15.05 | EU6: 2.39 | EV6: 15.07 | EW6: 0.7 | EX6: 0.4 | EY6: 0.4 | EZ6: 3.09 | FA6: 2.98 | FB6: 2.78 | FC6: 2.78 | FD6: 2.7 | FE6: 2.7 | FF6: 0.7 | FG6: 2.8 | FH6: 0.7 | FI6: 0.7
A7: ENTHALPY | B7: kJ/kg | C7: -1954.7 | D7: -1938.69 | E7: -2005.69 | F7: -1940.31 | G7: -2005.69 | H7: -1950.12 | I7: -1787.08 | J7: -1787.08 | K7: -1787.08 | L7: -1763.91 | M7: -1763.91 | N7: 1184.49 | O7: -1759.67 | P7: -1515.95 | Q7: -1713.95 | R7: -1891.17 | S7: -1891.17 | T7: -1937.47 | U7: -1937.47 | V7: -1891.17 | Y7: -1369.63 | Z7: -1316.91 | AA7: -1039.9 | AB7: -1039.9 | AC7: -1038.25 | AD7: -1155.15 | AE7: -1154.26 | AF7: 1184.49 | AG7: 1184.49 | AH7: 1184.49 | AI7: 1184.49 | AJ7: 1184.49 | AK7: -383.73 | AL7: -457.06 | AM7: -457.06 | AN7: -555.85 | AO7: -585.74 | AP7: -510.54 | AQ7: -1039.9 | AR7: -1454.64 | AS7: -1454.64 | AT7: -1467.97 | AU7: -12937.4 | AV7: -13054.8 | AW7: -13064.55 | AX7: -15283.46 | AY7: -913.34 | AZ7: -909.86 | BA7: -1163.94 | BB7: -7755.02 | BC7: -8045.51 | BD7: -7137.58 | BE7: -7184.24 | BF7: -15038.04 | BG7: -15046.91 | BH7: -2159.8 | BI7: -1459.16 | BJ7: -1621.61 | BK7: -1621.61 | BL7: -1491.24 | BM7: -1491.24 | BN7: -15487.73 | BO7: -15542.66 | BP7: -15581.92 | BQ7: -15581.92 | BR7: -15576.78 | BS7: -15576.78 | BT7: -15576.78 | BU7: -2217.78 | BV7: -1661.64 | BW7: -1539.27 | BX7: -1539.27 | BY7: -1452.16 | BZ7: -1375.93 | CA7: -2217.41 | CB7: -2217.41 | CC7: -1353.54 | CD7: -1352.58 | CE7: -1283.44 | CF7: -1463.26 | CG7: -1113.24 | CH7: -2706.75 | CI7: -4045.41 | CJ7: -4659.97 | CK7: -4709.53 | CL7: -2165.93 | CM7: -2164.99 | CN7: -2164.99 | CO7: -2164.99 | CP7: -15067.97 | CQ7: -1287.6 | CR7: -1287.6 | CS7: -13003.06 | CT7: -13003.06 | CU7: -12937.39 | CV7: -12970.23 | CW7: -13134.41 | CX7: -13134.41 | CY7: -15283.46 | CZ7: -1368.33 | DA7: -1365.82 | DB7: -3448.21 | DC7: -4141.4 | DD7: -2073.88 | DE7: -2071.65 | DF7: -2071.65 | DG7: -2071.65 | DH7: -2192.73 | DI7: -2192.73 | DJ7: -15594.55 | DK7: -1659.23 | DL7: -1658.66 | DM7: -1716.04 | DN7: -1804.6 | DO7: -1804.86 | DP7: -1659.23 | DQ7: -1659.23 | DR7: -2790.33 | DS7: -1692.41 | DT7: -1689.87 | DU7: -1934.21 | DV7: -2110.94 | DW7: -2110.94 | DX7: -1934.21 | DY7: -15283.46 | DZ7: -13134.41 | EA7: -13160.88 | EB7: -13160.88 | EC7: -1703.53 | ED7: -13058.92 | EE7: -13058.92 | EF7: -13134.41 | EG7: -13003.06 | EH7: 173.76 | EI7: 173.76 | EJ7: 173.76 | EK7: 1139.12 | EL7: 174.89 | EM7: 174.89 | EN7: 1143.82 | EO7: 178.59 | EP7: 178.59 | EQ7: 1184.49 | ER7: 1184.49 | ES7: 1184.5 | ET7: 173.75 | EU7: 173.75 | EV7: 1184.49 | EW7: -1042.59 | EX7: -1042.59 | EY7: -1042.59 | EZ7: -1039.2 | FA7: -1039.2 | FB7: -2539.36 | FC7: -2533.94 | FD7: -2533.94 | FE7: -15749.02 | FF7: -15749.02 | FG7: -997.97 | FH7: -997.97 | FI7: -11762.43
A8: ENERGY | B8: MW | C8: -14.48 | D8: -127.32 | E8: -25.87 | F8: -141.8 | G8: -25.87 | H8: -167.67 | I8: -153.65 | J8: -153.65 | K8: -153.65 | L8: -151.66 | M8: -151.66 | N8: 0.15 | O8: -151.51 | P8: -113.25 | Q8: -147.58 | R8: -141.28 | S8: -21.19 | T8: -21.71 | U8: -21.71 | V8: -120.09 | Y8: -117.93 | Z8: -113.39 | AA8: -214.2 | AB8: -123.89 | AC8: -123.69 | AD8: -237.08 | AE8: -236.99 | AF8: 0.09 | AG8: 0.2 | AH8: 0.24 | AI8: 0.22 | AJ8: 0.16 | AK8: 0 | AL8: 0 | AM8: 0 | AN8: 0 | AO8: 0 | AP8: -0.02 | AQ8: -90.31 | AR8: -126.32 | AS8: -126.32 | AT8: -127.48 | AU8: -24.09 | AV8: -18.91 | AW8: -19.00989 | AX8: -0.1 | AY8: -3.19 | AZ8: -3.21 | BA8: -4.11 | BB8: -50.4 | BC8: -52.29 | BD8: -54.95 | BE8: -55.31 | BF8: -47.23 | BG8: -67.16 | BH8: -2.76 | BI8: -1.87 | BJ8: -5.32 | BK8: -5.32 | BL8: -124.29 | BM8: -124.29 | BN8: -139.52 | BO8: -13.77 | BP8: -56.7 | BQ8: -56.7 | BR8: -56.68 | BS8: -10.38 | BT8: -46.3 | BU8: -2.66 | BV8: -3.02 | BW8: -128.62 | BX8: -128.62 | BY8: -121.34 | BZ8: -114.97 | CA8: -4.8 | CB8: -4.8 | CC8: -110.17 | CD8: -110.09 | CE8: -104.46 | CF8: -109.31 | CG8: -96.68 | CH8: -15.54 | CI8: -25.93 | CJ8: -29.87 | CK8: -30.19 | CL8: -9.13 | CM8: -9.13 | CN8: -4.42 | CO8: -4.71 | CP8: -19.93 | CQ8: -1.12 | CR8: -1.12 | CS8: -10.66 | CT8: -10.66 | CU8: -96.35 | CV8: -97.97 | CW8: -24.45 | CX8: -73.36 | CY8: -1.62 | CZ8: -102.22 | DA8: -102.03 | DB8: -62.08 | DC8: -74.57 | DD8: -31.63 | DE8: -31.6 | DF8: -29.25 | DG8: -2.35 | DH8: -2.48 | DI8: -2.48 | DJ8: -42.93 | DK8: -57.61 | DL8: -57.59 | DM8: -59.58 | DN8: -62.66 | DO8: -62.67 | DP8: -14.1 | DQ8: -14.1 | DR8: -3.05 | DS8: -12.75 | DT8: -12.73 | DU8: -14.57 | DV8: -2.38 | DW8: -2.38 | DX8: -12.38 | DY8: -137.68 | DZ8: -12.18 | EA8: -19.07 | EB8: -19.07 | EC8: -127.26 | ED8: -1.7 | EE8: -31.74 | EF8: -85.64 | EG8: -14.38 | EH8: 0.16 | EI8: 0.2 | EJ8: 0.2 | EK8: 1.28 | EL8: 0.2 | EM8: 0.2 | EN8: 1.29 | EO8: 0.2 | EP8: 0.2 | EQ8: 1.33 | ER8: 1.06 | ES8: 0.27 | ET8: 0.04 | EU8: 0.04 | EV8: 0.15 | EW8: -47.5 | EX8: -47.5 | EY8: -47.5 | EZ8: -47.34 | FA8: -47.34 | FB8: -4.28 | FC8: -4.27 | FD8: -4.27 | FE8: -0.01 | FF8: -0.01 | FG8: -46.98 | FH8: -46.98 | FI8: -553.77
A9: SPECIFIC HEAT | B9: kJ/(kg-°C) | C9: 2.17 | D9: 2.25 | E9: 2.12 | F9: 2.24 | G9: 2.12 | H9: 2.22 | I9: 2.49 | J9: 2.49 | K9: 2.49 | L9: 2.49 | M9: 2.49 | N9: 14.36 | O9: 2.51 | P9: 2.92 | Q9: 2.58 | R9: 2.38 | S9: 2.38 | T9: 2.3 | U9: 2.3 | V9: 2.38 | Y9: 3 | Z9: 3.06 | AA9: 3.36 | AB9: 3.36 | AC9: 3.36 | AD9: 3.24 | AE9: 3.25 | AF9: 14.35 | AG9: 14.35 | AH9: 14.35 | AI9: 14.35 | AJ9: 14.35 | AK9: 3.55 | AL9: 3.42 | AM9: 3.42 | AN9: 3.24 | AO9: 3.22 | AP9: 3.25 | AQ9: 3.36 | AR9: 2.95 | AS9: 2.95 | AT9: 2.93 | AU9: 2.26 | AV9: 2.12 | AW9: 2.11 | AX9: 4.31 | AY9: 2.49 | AZ9: 2.49 | BA9: 2.32 | BB9: 3.21 | BC9: 3.17 | BD9: 3.22 | BE9: 3.21 | BF9: 4.22 | BG9: 4.22 | BH9: 2.13 | BI9: 2.71 | BJ9: 2.68 | BK9: 2.68 | BL9: 2.95 | BM9: 2.94 | BN9: 4.22 | BO9: 4.4 | BP9: 4.39 | BQ9: 4.39 | BR9: 4.38 | BS9: 4.39 | BT9: 4.38 | BU9: 3.63 | BV9: 2.75 | BW9: 2.94 | BX9: 2.94 | BY9: 3.04 | BZ9: 3.12 | CA9: 2.76 | CB9: 2.75 | CC9: 3.13 | CD9: 3.13 | CE9: 3.21 | CF9: 2.98 | CG9: 3.3 | CH9: 2.12 | CI9: 2.34 | CJ9: 2.55 | CK9: 2.52 | CL9: 2.18 | CM9: 2.18 | CN9: 2.18 | CO9: 2.18 | CP9: 4.22 | CQ9: 1.58 | CR9: 1.57 | CS9: 2.08 | CT9: 2.07 | CU9: 2.26 | CV9: 2.3 | CW9: 2.83 | CX9: 2.83 | CY9: 4.31 | CZ9: 3.1 | DA9: 3.09 | DB9: 2.06 | DC9: 2.69 | DD9: 2.39 | DE9: 2.38 | DF9: 2.38 | DG9: 2.38 | DH9: 2.12 | DI9: 2.12 | DJ9: 4.38 | DK9: 2.84 | DL9: 2.84 | DM9: 2.75 | DN9: 2.61 | DO9: 2.61 | DP9: 2.84 | DQ9: 2.84 | DR9: 2.39 | DS9: 2.79 | DT9: 2.78 | DU9: 2.39 | DV9: 2.04 | DW9: 2.04 | DX9: 2.39 | DY9: 4.31 | DZ9: 2.83 | EA9: 2.46 | EB9: 2.28 | EC9: 2.67 | ED9: 1.99 | EE9: 1.99 | EF9: 2.83 | EG9: 2.08 | EH9: 14.1 | EI9: 14.1 | EJ9: 14.1 | EK9: 14.2 | EL9: 14.16 | EM9: 14.16 | EN9: 14.26 | EO9: 14.26 | EP9: 14.26 | EQ9: 14.37 | ER9: 14.36 | ES9: 14.36 | ET9: 14.41 | EU9: 14.1 | EV9: 14.36 | EW9: 3.8 | EX9: 3.8 | EY9: 3.8 | EZ9: 3.81 | FA9: 3.81 | FB9: 4.16 | FC9: 4.16 | FD9: 4.16 | FE9: 4.32 | FF9: 4.32 | FG9: 3.77 | FH9: 3.77 | FI9: 3.78
A10: CRITICAL TEMP. | B10: °C | C10: 629.92 | D10: 593.23 | E10: 596.82 | F10: 596.82 | G10: 596.82 | H10: 596.82 | I10: 596.82 | J10: 596.82 | K10: 596.82 | L10: 596.82 | M10: 596.82 | N10: -239.55 | O10: 407.87 | P10: 563.4 | Q10: 407.87 | R10: 563.4 | S10: 563.4 | T10: 563.4 | U10: 563.4 | V10: 563.4 | Y10: 407.87 | Z10: 407.87 | AA10: 297.26 | AB10: 297.26 | AC10: 297.26 | AD10: 333.43 | AE10: 307.78 | AF10: -239.55 | AG10: -239.55 | AH10: -239.55 | AI10: -239.55 | AJ10: -239.55 | AK10: -141.74 | AL10: -128.88 | AM10: -128.88 | AN10: -101.52 | AO10: -92.68 | AP10: -116.2 | AQ10: 297.26 | AR10: 297.26 | AS10: 297.26 | AT10: 297.26 | AU10: 374.15 | AV10: 374.15 | AW10: 374.15 | AX10: 374.15 | AY10: -45.67 | AZ10: -46.39 | BA10: -46.39 | BB10: 183.72 | BC10: 183.72 | BD10: 83.33 | BE10: 83.33 | BF10: 364.28 | BG10: 364.42 | BH10: 226.74 | BI10: 226.74 | BJ10: -125.44 | BK10: -125.44 | BL10: 468.83 | BM10: 468.83 | BN10: 374.15 | BO10: 374.15 | BP10: 374.15 | BQ10: 374.15 | BR10: 374.15 | BS10: 374.15 | BT10: 374.15 | BU10: -164.64 | BV10: 294.24 | BW10: 527.36 | BX10: 527.36 | BY10: 527.36 | BZ10: 527.36 | CA10: 379.4 | CB10: 379.4 | CC10: 541.24 | CD10: 541.24 | CE10: 541.24 | CF10: 563.4 | CG10: 297.26 | CH10: 203.06 | CI10: 244.03 | CJ10: 244.03 | CK10: 244.03 | CL10: 216.51 | CM10: 216.51 | CN10: 216.51 | CO10: 216.51 | CP10: 364.74 | CQ10: 11.29 | CR10: 11.29 | CS10: 374.15 | CT10: 374.15 | CU10: 374.15 | CV10: 374.15 | CW10: 374.15 | CX10: 374.15 | CY10: 374.15 | CZ10: 563.4 | DA10: 563.4 | DB10: 337.68 | DC10: 337.68 | DD10: 296.27 | DE10: 296.27 | DF10: 296.27 | DG10: 296.27 | DH10: 296.27 | DI10: 296.27 | DJ10: 374.15 | DK10: 431.41 | DL10: 431.41 | DM10: 431.41 | DN10: 431.41 | DO10: 431.41 | DP10: 431.41 | DQ10: 431.41 | DR10: 382.05 | DS10: 437.51 | DT10: 437.51 | DU10: 437.51 | DV10: 437.51 | DW10: 437.51 | DX10: 437.51 | DY10: 374.15 | DZ10: 374.15 | EA10: 374.15 | EB10: 374.15 | EC10: 563.4 | ED10: 374.15 | EE10: 374.15 | EF10: 374.15 | EG10: 374.15 | EH10: -239.55 | EI10: -239.55 | EJ10: -239.55 | EK10: -239.55 | EL10: -239.55 | EM10: -239.55 | EN10: -239.55 | EO10: -239.55 | EP10: -239.55 | EQ10: -239.55 | ER10: -239.55 | ES10: -239.55 | ET10: -239.55 | EU10: -239.55 | EV10: -239.55 | EW10: 375.82 | EX10: 375.82 | EY10: 375.82 | EZ10: 375.82 | FA10: 375.82 | FB10: -177.48 | FC10: -177.59 | FD10: -177.59 | FE10: 374.07 | FF10: 374.07 | FG10: 369.21 | FH10: 369.21 | FI10: 369.21
A11: CRITICAL PRESS. | B11: MPa(g) | C11: 1 | D11: 0.98 | E11: 0.98 | F11: 0.98 | G11: 0.98 | H11: 0.98 | I11: 0.98 | J11: 0.98 | K11: 0.98 | L11: 0.98 | M11: 0.98 | N11: 1.22 | O11: 1.04 | P11: 1.18 | Q11: 1.04 | R11: 1.18 | S11: 1.18 | T11: 1.18 | U11: 1.18 | V11: 1.18 | Y11: 1.04 | Z11: 1.04 | AA11: 2.68 | AB11: 2.68 | AC11: 2.68 | AD11: 2.14 | AE11: 2.1 | AF11: 1.22 | AG11: 1.22 | AH11: 1.22 | AI11: 1.22 | AJ11: 1.22 | AK11: 2.75 | AL11: 2.9 | AM11: 2.9 | AN11: 3.22 | AO11: 3.3 | AP11: 3.04 | AQ11: 2.68 | AR11: 2.68 | AS11: 2.68 | AT11: 2.68 | AU11: 22.02 | AV11: 22.02 | AW11: 22.02 | AX11: 22.02 | AY11: 4.47 | AZ11: 4.45 | BA11: 4.45 | BB11: 14.07 | BC11: 14.07 | BD11: 10.72 | BE11: 10.72 | BF11: 21.56 | BG11: 21.56 | BH11: 3.73 | BI11: 3.73 | BJ11: 3.35 | BK11: 3.35 | BL11: 1.79 | BM11: 1.79 | BN11: 22.02 | BO11: 22.02 | BP11: 22.02 | BQ11: 22.02 | BR11: 22.02 | BS11: 22.02 | BT11: 22.02 | BU11: 2.46 | BV11: 3.23 | BW11: 2.21 | BX11: 2.21 | BY11: 2.21 | BZ11: 2.21 | CA11: 12.21 | CB11: 12.21 | CC11: 1.27 | CD11: 1.27 | CE11: 1.27 | CF11: 1.18 | CG11: 2.68 | CH11: 9.66 | CI11: 12.62 | CJ11: 12.62 | CK11: 12.62 | CL11: 3.98 | CM11: 3.98 | CN11: 3.98 | CO11: 3.98 | CP11: 21.58 | CQ11: 6.08 | CR11: 6.08 | CS11: 22.02 | CT11: 22.02 | CU11: 22.02 | CV11: 22.02 | CW11: 22.02 | CX11: 22.02 | CY11: 22.02 | CZ11: 1.18 | DA11: 1.18 | DB11: 12.94 | DC11: 12.94 | DD11: 2.63 | DE11: 2.63 | DF11: 2.63 | DG11: 2.63 | DH11: 2.63 | DI11: 2.63 | DJ11: 22.02 | DK11: 1.76 | DL11: 1.76 | DM11: 1.76 | DN11: 1.76 | DO11: 1.76 | DP11: 1.76 | DQ11: 1.76 | DR11: 13.32 | DS11: 1.77 | DT11: 1.77 | DU11: 1.77 | DV11: 1.77 | DW11: 1.77 | DX11: 1.77 | DY11: 22.02 | DZ11: 22.02 | EA11: 22.02 | EB11: 22.02 | EC11: 1.18 | ED11: 22.02 | EE11: 22.02 | EF11: 22.02 | EG11: 22.02 | EH11: 1.22 | EI11: 1.22 | EJ11: 1.22 | EK11: 1.22 | EL11: 1.22 | EM11: 1.22 | EN11: 1.22 | EO11: 1.22 | EP11: 1.22 | EQ11: 1.22 | ER11: 1.22 | ES11: 1.22 | ET11: 1.22 | EU11: 1.22 | EV11: 1.22 | EW11: 20.89 | EX11: 20.89 | EY11: 20.89 | EZ11: 20.89 | FA11: 20.89 | FB11: 2.13 | FC11: 2.12 | FD11: 2.12 | FE11: 22.02 | FF11: 22.02 | FG11: 20.6 | FH11: 20.6 | FI11: 20.6
A12: PHASE | C12: LIQUID | D12: LIQUID | E12: LIQUID | F12: LIQUID | G12: LIQUID | H12: LIQUID | I12: LIQUID | J12: LIQUID | K12: LIQUID | L12: LIQUID | M12: LIQUID | N12: VAPOR | O12: MIXED | P12: LIQUID | Q12: MIXED | R12: LIQUID | S12: LIQUID | T12: LIQUID | U12: LIQUID | V12: LIQUID | Y12: LIQUID | Z12: LIQUID | AA12: LIQUID | AB12: LIQUID | AC12: LIQUID | AD12: LIQUID | AE12: LIQUID | AF12: VAPOR | AG12: VAPOR | AH12: VAPOR | AI12: VAPOR | AJ12: VAPOR | AK12: VAPOR | AL12: VAPOR | AM12: VAPOR | AN12: VAPOR | AO12: VAPOR | AP12: VAPOR | AQ12: LIQUID | AR12: MIXED | AS12: MIXED | AT12: MIXED | AU12: VAPOR | AV12: VAPOR | AW12: VAPOR | AX12: LIQUID | AY12: VAPOR | AZ12: MIXED | BA12: MIXED | BB12: MIXED | BC12: MIXED | BD12: MIXED | BE12: MIXED | BF12: MIXED | BG12: MIXED | BH12: MIXED | BI12: MIXED | BJ12: VAPOR | BK12: VAPOR | BL12: LIQUID | BM12: MIXED | BN12: LIQUID | BO12: LIQUID | BP12: LIQUID | BQ12: LIQUID | BR12: LIQUID | BS12: LIQUID | BT12: LIQUID | BU12: VAPOR | BV12: MIXED | BW12: LIQUID | BX12: MIXED | BY12: MIXED | BZ12: MIXED | CA12: VAPOR | CB12: VAPOR | CC12: LIQUID | CD12: LIQUID | CE12: MIXED | CF12: LIQUID | CG12: LIQUID | CH12: MIXED | CI12: MIXED | CJ12: MIXED | CK12: MIXED | CL12: LIQUID | CM12: LIQUID | CN12: LIQUID | CO12: LIQUID | CP12: LIQUID | CQ12: VAPOR | CR12: VAPOR | CS12: VAPOR | CT12: VAPOR | CU12: VAPOR | CV12: VAPOR | CW12: VAPOR | CX12: VAPOR | CY12: LIQUID | CZ12: LIQUID | DA12: LIQUID | DB12: VAPOR | DC12: LIQUID | DD12: LIQUID | DE12: LIQUID | DF12: LIQUID | DG12: LIQUID | DH12: LIQUID | DI12: LIQUID | DJ12: LIQUID | DK12: LIQUID | DL12: LIQUID | DM12: LIQUID | DN12: LIQUID | DO12: LIQUID | DP12: LIQUID | DQ12: LIQUID | DR12: VAPOR | DS12: LIQUID | DT12: LIQUID | DU12: LIQUID | DV12: LIQUID | DW12: LIQUID | DX12: LIQUID | DY12: LIQUID | DZ12: VAPOR | EA12: VAPOR | EB12: VAPOR | EC12: LIQUID | ED12: VAPOR | EE12: VAPOR | EF12: VAPOR | EG12: VAPOR | EH12: VAPOR | EI12: VAPOR | EJ12: VAPOR | EK12: VAPOR | EL12: VAPOR | EM12: VAPOR | EN12: VAPOR | EO12: VAPOR | EP12: VAPOR | EQ12: VAPOR | ER12: VAPOR | ES12: VAPOR | ET12: VAPOR | EU12: VAPOR | EV12: VAPOR | EW12: LIQUID | EX12: LIQUID | EY12: LIQUID | EZ12: LIQUID | FA12: LIQUID | FB12: MIXED | FC12: VAPOR | FD12: VAPOR | FE12: LIQUID | FF12: MIXED | FG12: LIQUID | FH12: MIXED | FI12: MIXED
A13: VAPOR FRACTION | C13: 0 | D13: 0 | E13: 0 | F13: 0 | G13: 0 | H13: 0 | I13: 0 | J13: 0 | K13: 0 | L13: 0 | M13: 0 | N13: 1 | O13: 0 | P13: 0 | Q13: 0 | R13: 0 | S13: 0 | T13: 0 | U13: 0 | V13: 0 | Y13: 0 | Z13: 0 | AA13: 0 | AB13: 0 | AC13: 0 | AD13: 0 | AE13: 0 | AF13: 1 | AG13: 1 | AH13: 1 | AI13: 1 | AJ13: 1 | AK13: 1 | AL13: 1 | AM13: 1 | AN13: 1 | AO13: 1 | AP13: 1 | AQ13: 0 | AR13: 0 | AS13: 0 | AT13: 0.04 | AU13: 1 | AV13: 1 | AW13: 1 | AX13: 0 | AY13: 1 | AZ13: 1 | BA13: 0.91 | BB13: 0.45 | BC13: 0.32 | BD13: 0.44 | BE13: 0.43 | BF13: 0 | BG13: 0 | BH13: 0.01 | BI13: 0.7 | BJ13: 1 | BK13: 1 | BL13: 0 | BM13: 0.01 | BN13: 0 | BO13: 0 | BP13: 0 | BQ13: 0 | BR13: 0 | BS13: 0 | BT13: 0 | BU13: 1 | BV13: 0.15 | BW13: 0 | BX13: 0.01 | BY13: 0.01 | BZ13: 0.03 | CA13: 1 | CB13: 1 | CC13: 0 | CD13: 0 | CE13: 0 | CF13: 0 | CG13: 0 | CH13: 1 | CI13: 0.79 | CJ13: 0.17 | CK13: 0.14 | CL13: 0 | CM13: 0 | CN13: 0 | CO13: 0 | CP13: 0 | CQ13: 1 | CR13: 1 | CS13: 1 | CT13: 1 | CU13: 1 | CV13: 1 | CW13: 1 | CX13: 1 | CY13: 0 | CZ13: 0 | DA13: 0 | DB13: 1 | DC13: 0 | DD13: 0 | DE13: 0 | DF13: 0 | DG13: 0 | DH13: 0 | DI13: 0 | DJ13: 0 | DK13: 0 | DL13: 0 | DM13: 0 | DN13: 0 | DO13: 0 | DP13: 0 | DQ13: 0 | DR13: 1 | DS13: 0 | DT13: 0 | DU13: 0 | DV13: 0 | DW13: 0 | DX13: 0 | DY13: 0 | DZ13: 1 | EA13: 1 | EB13: 1 | EC13: 0 | ED13: 1 | EE13: 1 | EF13: 1 | EG13: 1 | EH13: 1 | EI13: 1 | EJ13: 1 | EK13: 1 | EL13: 1 | EM13: 1 | EN13: 1 | EO13: 1 | EP13: 1 | EQ13: 1 | ER13: 1 | ES13: 1 | ET13: 1 | EU13: 1 | EV13: 1 | EW13: 0 | EX13: 0 | EY13: 0 | EZ13: 0 | FA13: 0 | FB13: 1 | FC13: 1 | FD13: 1 | FE13: 0 | FF13: 3.6e-06 | FG13: 0 | FH13: 8.79e-05 | FI13: 0
A14: LIQ. FLOW @ P&T | B14: m³/h | C14: 30.28 | D14: 282.25 | E14: 53.84 | F14: 312.69 | G14: 53.87 | H14: 366.55 | I14: 388.76 | J14: 388.8 | K14: 388.79 | L14: 383.59 | M14: 384.04 | O14: 390.2 | P14: 389.28 | Q14: 396.81 | R14: 337.65 | S14: 50.65 | T14: 49.76 | U14: 49.77 | V14: 287 | Y14: 452.85 | Z14: 461.92 | AA14: 1470.82 | AB14: 850.28 | AC14: 845.04 | AD14: 1338.07 | AE14: 1343.3 | AQ14: 619.9 | AR14: 509.28 | AS14: 509.1 | AT14: 455.8 | AX14: 0.03 | AZ14: 0.01 | BA14: 1.73 | BB14: 14.95 | BC14: 18.13 | BD14: 17.4 | BE14: 17.98 | BF14: 11.52 | BG14: 16.36 | BH14: 6.4 | BI14: 2.31 | BL14: 455.8 | BM14: 446.09 | BN14: 33.92 | BO14: 3.37 | BP14: 13.76 | BQ14: 13.76 | BR14: 13.75 | BS14: 2.52 | BT14: 11.24 | BV14: 8.85 | BW14: 447.55 | BX14: 442.83 | BY14: 454.91 | BZ14: 463.08 | CC14: 463.08 | CD14: 462.76 | CE14: 476.54 | CF14: 397.4 | CG14: 601.23 | CH14: 0 | CI14: 6.95 | CJ14: 26.58 | CK14: 27.05 | CL14: 22.2 | CM14: 22.19 | CN14: 10.75 | CO14: 11.46 | CP14: 4.85 | CY14: 0.42 | CZ14: 414.21 | DA14: 413.21 | DC14: 93.22 | DD14: 82.83 | DE14: 82.65 | DF14: 76.51 | DG14: 6.14 | DH14: 5.75 | DI14: 5.75 | DJ14: 10.39 | DK14: 194.25 | DL14: 194.08 | DM14: 188.82 | DN14: 181.22 | DO14: 181.36 | DP14: 47.56 | DQ14: 47.55 | DS14: 41.25 | DT14: 41.14 | DU14: 36.87 | DV14: 5.12 | DW14: 5.12 | DX14: 31.34 | DY14: 35.41 | EC14: 362.38 | EW14: 162.41 | EX14: 162.41 | EY14: 162.41 | EZ14: 162.5 | FA14: 162.5 | FB14: 0 | FE14: 0 | FF14: 0 | FG14: 161.93 | FH14: 161.92 | FI14: 176.57
A15: LIQ. FLOW @ 15.6°C | B15: m³/h | C15: 28.16 | D15: 260.38 | E15: 50.92 | F15: 288.57 | G15: 50.92 | H15: 339.49 | I15: 339.49 | J15: 339.49 | K15: 339.49 | L15: 339.49 | M15: 339.49 | O15: 344.24 | P15: 304.3 | Q15: 344.46 | R15: 304.3 | S15: 45.65 | T15: 45.65 | U15: 45.65 | V15: 258.66 | Y15: 346.52 | Z15: 346.52 | AA15: 869.32 | AB15: 502.81 | AC15: 502.81 | AD15: 846.45 | AE15: 851.69 | AQ15: 366.51 | AR15: 363.48 | AS15: 363.33 | AT15: 344.71 | AX15: 0.02 | AZ15: 0.01 | BA15: 1.43 | BB15: 13.2 | BC15: 16.79 | BD15: 16.19 | BE15: 16.88 | BF15: 11.3 | BG15: 16.05 | BH15: 6.2 | BI15: 1.71 | BL15: 344.71 | BM15: 340.85 | BN15: 32.47 | BO15: 3.14 | BP15: 12.91 | BQ15: 12.91 | BR15: 12.91 | BS15: 2.37 | BT15: 10.55 | BV15: 6.89 | BW15: 346.51 | BX15: 342.71 | BY15: 339.78 | BZ15: 335.25 | CC15: 335.25 | CD15: 335.25 | CE15: 334.45 | CF15: 304.3 | CG15: 366.51 | CH15: 0 | CI15: 5.54 | CJ15: 24.04 | CK15: 25.03 | CL15: 21.44 | CM15: 21.44 | CN15: 10.38 | CO15: 11.06 | CP15: 4.75 | CY15: 0.38 | CZ15: 304.3 | DA15: 304.3 | DC15: 80.79 | DD15: 75.38 | DE15: 75.38 | DF15: 69.78 | DG15: 5.6 | DH15: 5.6 | DI15: 5.6 | DJ15: 9.77 | DK15: 153.3 | DL15: 153.3 | DM15: 153.3 | DN15: 153.3 | DO15: 153.29 | DP15: 37.51 | DQ15: 37.51 | DS15: 33.12 | DT15: 33.12 | DU15: 33.12 | DV15: 4.97 | DW15: 4.97 | DX15: 28.15 | DY15: 32.47 | EC15: 304.3 | EW15: 159.44 | EX15: 159.44 | EY15: 159.44 | EZ15: 159.44 | FA15: 159.44 | FB15: 0 | FE15: 0 | FF15: 0 | FG15: 158.04 | FH15: 158.03 | FI15: 169.71
A16: LIQUID DENSITY | B16: kg/m³ | C16: 880.95 | D16: 837.63 | E16: 862.28 | F16: 841.4 | G16: 861.9 | H16: 844.42 | I16: 796.18 | J16: 796.1 | K16: 796.12 | L16: 806.91 | M16: 805.96 | O16: 793.98 | P16: 690.85 | Q16: 780.79 | R16: 796.5 | S16: 796.5 | T16: 810.68 | U16: 810.57 | V16: 796.5 | Y16: 684.49 | Z16: 671.05 | AA16: 504.16 | AB16: 504.42 | AC16: 507.54 | AD16: 552.19 | AE16: 550.25 | AQ16: 504.32 | AR16: 611.62 | AS16: 611.71 | AT16: 658.27 | AX16: 915.82 | AZ16: 658.2 | BA16: 684.78 | BB16: 866.02 | BC16: 876.08 | BD16: 884.36 | BE16: 885.03 | BF16: 981.69 | BG16: 982.03 | BH16: 713.58 | BI16: 597.33 | BL16: 658.27 | BM16: 666.44 | BN16: 956.14 | BO16: 945.65 | BP16: 951.87 | BQ16: 951.87 | BR16: 952.44 | BS16: 951.28 | BT16: 952.37 | BV16: 625.81 | BW16: 672.14 | BX16: 674.5 | BY16: 651.88 | BZ16: 632.75 | CC16: 632.75 | CD16: 633.2 | CE16: 613.66 | CF16: 676.74 | CG16: 519.37 | CH16: 604.68 | CI16: 704.93 | CJ16: 724.67 | CK16: 737.51 | CL16: 683.77 | CM16: 684.03 | CN16: 683.42 | CO16: 683.31 | CP16: 982.78 | CY16: 915.82 | CZ16: 649.28 | DA16: 650.85 | DC16: 695.34 | DD16: 662.92 | DE16: 664.36 | DF16: 664.35 | DG16: 664.36 | DH16: 709.47 | DI16: 709.28 | DJ16: 954.26 | DK16: 643.5 | DL16: 644.06 | DM16: 662 | DN16: 689.76 | DO16: 689.25 | DP16: 643.12 | DQ16: 643.13 | DS16: 657.22 | DT16: 658.97 | DU16: 735.34 | DV16: 794.55 | DW16: 794.45 | DX16: 735.3 | DY16: 915.82 | EC16: 742.13 | EW16: 1009.82 | EX16: 1009.82 | EY16: 1009.82 | EZ16: 1009.26 | FA16: 1009.26 | FB16: 984.43 | FE16: 984.45 | FF16: 983.57 | FG16: 1046.65 | FH16: 1046.64 | FI16: 965.06
A17: LIQ. DENISTY @ 15.6°C | B17: kg/m³ | C17: 947.36 | D17: 907.99 | E17: 911.73 | F17: 911.73 | G17: 911.73 | H17: 911.73 | I17: 911.73 | J17: 911.73 | K17: 911.73 | L17: 911.73 | M17: 911.73 | O17: 899.97 | P17: 883.77 | Q17: 899.43 | R17: 883.77 | S17: 883.77 | T17: 883.77 | U17: 883.77 | V17: 883.77 | Y17: 894.52 | Z17: 894.52 | AA17: 853 | AB17: 853 | AC17: 853 | AD17: 872.9 | AE17: 867.86 | AQ17: 853 | AR17: 856.95 | AS17: 857.13 | AT17: 870.43 | AX17: 998.86 | AZ17: 871.28 | BA17: 828.25 | BB17: 981.1 | BC17: 945.83 | BD17: 950.69 | BE17: 942.52 | BF17: 1000.81 | BG17: 1001.05 | BH17: 736.49 | BI17: 805.63 | BL17: 870.43 | BM17: 872.19 | BN17: 998.86 | BO17: 1014.39 | BP17: 1014.39 | BQ17: 1014.39 | BR17: 1014.39 | BS17: 1014.39 | BT17: 1014.39 | BV17: 804.67 | BW17: 868.14 | BX17: 871.56 | BY17: 872.76 | BZ17: 874.03 | CC17: 874.03 | CD17: 874.03 | CE17: 874.39 | CF17: 883.77 | CG17: 853 | CH17: 739.48 | CI17: 884.08 | CJ17: 800.81 | CK17: 796.95 | CL17: 708.19 | CM17: 708.19 | CN17: 708.19 | CO17: 708.19 | CP17: 1001.55 | CY17: 998.86 | CZ17: 883.77 | DA17: 883.77 | DC17: 802.31 | DD17: 728.41 | DE17: 728.41 | DF17: 728.41 | DG17: 728.41 | DH17: 728.41 | DI17: 728.41 | DJ17: 1014.39 | DK17: 815.42 | DL17: 815.42 | DM17: 815.42 | DN17: 815.42 | DO17: 815.42 | DP17: 815.42 | DQ17: 815.42 | DS17: 818.54 | DT17: 818.54 | DU17: 818.54 | DV17: 818.54 | DW17: 818.54 | DX17: 818.54 | DY17: 998.86 | EC17: 883.77 | EW17: 1028.62 | EX17: 1028.62 | EY17: 1028.62 | EZ17: 1028.62 | FA17: 1028.62 | FB17: 1014.21 | FE17: 1014.21 | FF17: 1014.25 | FG17: 1072.41 | FH17: 1072.39 | FI17: 997.34
A18: API LIQUID GRAVITY | C18: 17.72 | D18: 24.19 | E18: 23.55 | F18: 23.55 | G18: 23.55 | H18: 23.55 | I18: 23.55 | J18: 23.55 | K18: 23.55 | L18: 23.55 | M18: 23.55 | O18: 25.57 | P18: 28.45 | Q18: 25.67 | R18: 28.45 | S18: 28.45 | T18: 28.45 | U18: 28.45 | V18: 28.45 | Y18: 26.53 | Z18: 26.53 | AA18: 34.22 | AB18: 34.22 | AC18: 34.22 | AD18: 30.44 | AE18: 31.39 | AQ18: 34.22 | AR18: 33.46 | AS18: 33.42 | AT18: 30.9 | AX18: 10.02 | AZ18: 30.75 | BA18: 39.17 | BB18: 12.58 | BC18: 17.96 | BD18: 17.19 | BE18: 18.48 | BF18: 9.75 | BG18: 9.71 | BH18: 60.44 | BI18: 43.97 | BL18: 30.9 | BM18: 30.58 | BN18: 10.02 | BO18: 7.86 | BP18: 7.86 | BQ18: 7.86 | BR18: 7.86 | BS18: 7.86 | BT18: 7.86 | BV18: 44.18 | BW18: 31.33 | BX18: 30.69 | BY18: 30.47 | BZ18: 30.23 | CC18: 30.23 | CD18: 30.23 | CE18: 30.17 | CF18: 28.45 | CG18: 34.22 | CH18: 59.66 | CI18: 28.4 | CJ18: 45.02 | CK18: 45.88 | CL18: 68.11 | CM18: 68.11 | CN18: 68.11 | CO18: 68.11 | CP18: 9.64 | CY18: 10.02 | CZ18: 28.45 | DA18: 28.45 | DC18: 44.69 | DD18: 62.57 | DE18: 62.57 | DF18: 62.57 | DG18: 62.57 | DH18: 62.57 | DI18: 62.57 | DJ18: 7.86 | DK18: 41.86 | DL18: 41.86 | DM18: 41.86 | DN18: 41.86 | DO18: 41.86 | DP18: 41.86 | DQ18: 41.86 | DS18: 41.2 | DT18: 41.2 | DU18: 41.2 | DV18: 41.2 | DW18: 41.2 | DX18: 41.2 | DY18: 10.02 | EC18: 28.45 | EW18: 5.93 | EX18: 5.93 | EY18: 5.93 | EZ18: 5.93 | FA18: 5.93 | FB18: 7.88 | FE18: 7.88 | FF18: 7.87 | FG18: 0.32 | FH18: 0.32 | FI18: 10.24
A19: LIQ. VISC @ P&T | B19: cP | C19: 6.44 | D19: 3.55 | E19: 8.36 | F19: 3.75 | G19: 8.32 | H19: 4.26 | I19: 0.9 | J19: 0.9 | K19: 0.9 | L19: 0.88 | M19: 0.87 | O19: 0.79 | P19: 0.21 | Q19: 0.6 | R19: 1.54 | S19: 1.54 | T19: 2.38 | U19: 2.38 | V19: 1.54 | W19: 4.26 | X19: 4.26 | Y19: 0.11 | Z19: 0.08 | AA19: 0.05 | AB19: 0.05 | AC19: 0.05 | AD19: 0.06 | AE19: 0.06 | AQ19: 0.05 | AR19: 0.14 | AS19: 0.14 | AT19: 0.18 | AX19: 0.18 | AZ19: 0.17 | BA19: 0.32 | BB19: 0.29 | BC19: 1.34 | BD19: 0.96 | BE19: 1.62 | BF19: 0.63 | BG19: 0.63 | BH19: 0.47 | BI19: 0.15 | BL19: 0.18 | BM19: 0.18 | BN19: 0.27 | BO19: 0.27 | BP19: 0.29 | BQ19: 0.29 | BR19: 0.29 | BS19: 0.29 | BT19: 0.29 | BV19: 0.18 | BW19: 0.2 | BX19: 0.19 | BY19: 0.14 | BZ19: 0.11 | CC19: 0.11 | CD19: 0.11 | CE19: 0.09 | CF19: 0.17 | CG19: 0.05 | CH19: 0.16 | CI19: 0.53 | CJ19: 0.51 | CK19: 0.56 | CL19: 0.29 | CM19: 0.29 | CN19: 0.29 | CO19: 0.29 | CP19: 0.64 | CY19: 0.18 | CZ19: 0.12 | DA19: 0.12 | DC19: 0.39 | DD19: 0.26 | DE19: 0.26 | DF19: 0.26 | DG19: 0.26 | DH19: 0.42 | DI19: 0.42 | DJ19: 0.3 | DK19: 0.22 | DL19: 0.22 | DM19: 0.26 | DN19: 0.34 | DO19: 0.34 | DP19: 0.22 | DQ19: 0.22 | DS19: 0.25 | DT19: 0.25 | DU19: 0.59 | DV19: 1.75 | DW19: 1.75 | DX19: 0.59 | DY19: 0.18 | EC19: 0.46 | EW19: 1.32 | EX19: 1.32 | EY19: 1.32 | EZ19: 1.3 | FA19: 1.3 | FB19: 0.49 | FE19: 0.49 | FF19: 0.49 | FG19: 1.1 | FH19: 1.1 | FI19: 0.8
A20: SURFACE TENSION | B20: dyne/cm | C20: 26.89 | D20: 24.7 | E20: 26.85 | F20: 24.9 | G20: 26.84 | H20: 25.18 | I20: 20.81 | J20: 20.81 | K20: 20.81 | L20: 20.68 | M20: 20.65 | O20: 17.51 | P20: 13.42 | Q20: 16.43 | R20: 22.24 | S20: 22.24 | T20: 23.52 | U20: 23.52 | V20: 22.24 | Y20: 9.59 | Z20: 8.83 | AA20: 2.94 | AB20: 2.94 | AC20: 2.93 | AD20: 4.79 | AE20: 4.61 | AQ20: 2.94 | AR20: 7.16 | AS20: 7.18 | AT20: 10.26 | AX20: 48.26 | AZ20: 10.24 | BA20: 11.95 | BF20: 67.38 | BG20: 67.42 | BH20: 15.84 | BI20: 7.1 | BL20: 10.26 | BM20: 11.05 | BN20: 57.84 | BO20: 57.84 | BP20: 59.46 | BQ20: 59.46 | BR20: 59.34 | BS20: 59.27 | BT20: 59.33 | BV20: 8.99 | BW20: 12.37 | BX20: 12.25 | BY20: 10.62 | BZ20: 9.36 | CC20: 9.36 | CD20: 9.35 | CE20: 8.19 | CF20: 12.36 | CG20: 3.53 | CL20: 15.29 | CM20: 15.26 | CN20: 15.25 | CO20: 15.25 | CP20: 67.53 | CY20: 48.26 | CZ20: 10.54 | DA20: 10.51 | DD20: 15.26 | DE20: 15.21 | DF20: 15.21 | DG20: 15.21 | DJ20: 60 | DK20: 11.17 | DL20: 11.16 | DM20: 12.61 | DN20: 15 | DO20: 15 | DP20: 11.17 | DQ20: 11.17 | DS20: 12.3 | DT20: 12.26 | DU20: 19.23 | DX20: 19.23 | DY20: 48.26 | EC20: 17.51 | EW20: 57.7 | EX20: 57.7 | EY20: 57.7 | EZ20: 57.56 | FA20: 57.56 | FB20: 66.68 | FE20: 66.68 | FF20: 66.62 | FG20: 55.97 | FH20: 55.97
A21: LIQ. THERM. COND. | B21: W/(m.K) | C21: 0.12 | D21: 0.12 | E21: 0.12 | F21: 0.12 | G21: 0.12 | H21: 0.12 | I21: 0.11 | J21: 0.11 | K21: 0.11 | L21: 0.11 | M21: 0.11 | O21: 0.11 | P21: 0.1 | Q21: 0.1 | R21: 0.12 | S21: 0.12 | T21: 0.12 | U21: 0.12 | V21: 0.12 | Y21: 0.09 | Z21: 0.09 | AA21: 0.07 | AB21: 0.07 | AC21: 0.07 | AD21: 0.07 | AE21: 0.07 | AQ21: 0.07 | AR21: 0.07 | AS21: 0.07 | AT21: 0.08 | AX21: 0.69 | AZ21: 0.08 | BA21: 0.09 | BB21: 0.46 | BC21: 0.35 | BD21: 0.37 | BE21: 0.35 | BF21: 0.61 | BG21: 0.61 | BH21: 0.11 | BI21: 0.06 | BL21: 0.08 | BM21: 0.08 | BN21: 0.68 | BO21: 0.68 | BP21: 0.68 | BQ21: 0.68 | BR21: 0.68 | BS21: 0.68 | BT21: 0.68 | BV21: 0.08 | BW21: 0.1 | BX21: 0.1 | BY21: 0.09 | BZ21: 0.09 | CC21: 0.09 | CD21: 0.09 | CE21: 0.09 | CF21: 0.1 | CG21: 0.07 | CH21: 0.09 | CI21: 0.29 | CJ21: 0.15 | CK21: 0.15 | CL21: 0.11 | CM21: 0.11 | CN21: 0.11 | CO21: 0.11 | CP21: 0.61 | CY21: 0.69 | CZ21: 0.09 | DA21: 0.09 | DC21: 0.13 | DD21: 0.1 | DE21: 0.1 | DF21: 0.1 | DG21: 0.1 | DH21: 0.11 | DI21: 0.11 | DJ21: 0.68 | DK21: 0.1 | DL21: 0.1 | DM21: 0.1 | DN21: 0.1 | DO21: 0.1 | DP21: 0.1 | DQ21: 0.1 | DS21: 0.1 | DT21: 0.1 | DU21: 0.11 | DV21: 0.12 | DW21: 0.12 | DX21: 0.11 | DY21: 0.69 | EC21: 0.11 | EW21: 0.46 | EX21: 0.46 | EY21: 0.46 | EZ21: 0.46 | FA21: 0.46 | FB21: 0.65 | FE21: 0.65 | FF21: 0.65 | FG21: 0.47 | FH21: 0.47 | FI21: 0.42
A22: VAPOR PRESSURE | B22: MPa(a) | C22: 4.26e-07 | D22: 2.55e-06 | E22: 2.84e-07 | F22: 2.39e-06 | G22: 2.84e-07 | H22: 1.74e-06 | I22: 9.64e-05 | J22: 9.65e-05 | K22: 9.65e-05 | L22: 0 | M22: 0 | N22: 0 | O22: 23.92 | P22: 0.2 | Q22: 22.5 | R22: 0.15 | S22: 0.15 | T22: 0.13 | U22: 0.13 | V22: 0.15 | Y22: 14.66 | Z22: 13.73 | AA22: 11.04 | AB22: 11.04 | AC22: 11.02 | AD22: 12.09 | AE22: 14.29 | AF22: 0 | AG22: 0 | AH22: 0 | AI22: 0 | AJ22: 0 | AK22: 0 | AL22: 0 | AM22: 0 | AN22: 0 | AO22: 0 | AP22: 0 | AQ22: 11.04 | AR22: 15.69 | AS22: 15.69 | AT22: 15.75 | AU22: 5.96 | AV22: 1.74 | AW22: 1.55 | AX22: 0.5 | AY22: 0 | AZ22: 0 | BA22: 0 | BB22: 0 | BC22: 0 | BD22: 0 | BE22: 0 | BF22: 2.38 | BG22: 1.91 | BH22: 2.91 | BI22: 6.32 | BJ22: 0 | BK22: 0 | BL22: 3.09 | BM22: 3.09 | BN22: 0.12 | BO22: 0.12 | BP22: 0.09 | BQ22: 0.09 | BR22: 0.09 | BS22: 0.09 | BT22: 0.09 | BU22: 0 | BV22: 4.57 | BW22: 1.19 | BX22: 1.19 | BY22: 1.23 | BZ22: 1.25 | CA22: 13.04 | CB22: 13.08 | CC22: 0.3 | CD22: 0.3 | CE22: 0.34 | CF22: 0.2 | CG22: 11.88 | CH22: 11.55 | CI22: 11.85 | CJ22: 15.17 | CK22: 16.29 | CL22: 1.09 | CM22: 1.09 | CN22: 1.09 | CO22: 1.09 | CP22: 0.83 | CQ22: 74.92 | CR22: 76.38 | CS22: 4.61 | CT22: 4.51 | CU22: 5.96 | CV22: 4.69 | CW22: 1.52 | CX22: 1.52 | CY22: 0.5 | CZ22: 0.22 | DA22: 0.22 | DB22: 0.44 | DC22: 0.14 | DD22: 0.14 | DE22: 0.14 | DF22: 0.14 | DG22: 0.14 | DH22: 0.02 | DI22: 0.02 | DJ22: 0.08 | DK22: 0.19 | DL22: 0.19 | DM22: 0.16 | DN22: 0.12 | DO22: 0.12 | DP22: 0.19 | DQ22: 0.19 | DR22: 3.12 | DS22: 0.2 | DT22: 0.2 | DU22: 0.12 | DV22: 0.01 | DW22: 0.01 | DX22: 0.12 | DY22: 0.5 | DZ22: 1.53 | EA22: 0.74 | EB22: 0.59 | EC22: 0.18 | ED22: 2.36 | EE22: 2.36 | EF22: 1.53 | EG22: 4.61 | EH22: 0 | EI22: 0 | EJ22: 0 | EK22: 0 | EL22: 0 | EM22: 0 | EN22: 0 | EO22: 0 | EP22: 0 | EQ22: 0 | ER22: 0 | ES22: 0 | ET22: 0 | EU22: 0 | EV22: 0 | EW22: 0.01 | EX22: 0.01 | EY22: 0.01 | EZ22: 0.02 | FA22: 0.02 | FB22: 0 | FC22: 0 | FD22: 0 | FE22: 2.29 | FF22: 2.27 | FG22: 2.89 | FH22: 2.89 | FI22: 2.29
A23: VAP. FLOW @ 0°C | B23: Nm³/hr | N23: 4924.39 | O23: 1809.15 | Q23: 1637.83 | AF23: 3124.23 | AG23: 6681.49 | AH23: 8127.78 | AI23: 7371.57 | AJ23: 5294.93 | AK23: 22.48 | AL23: 22.48 | AM23: 22.48 | AN23: 22.44 | AO23: 22.44 | AP23: 112.35 | AR23: 1587.11 | AS23: 1665.59 | AT23: 10904.22 | AU23: 8339.43 | AV23: 6488.82 | AW23: 6517.34 | AY23: 10904.22 | AZ23: 11015.9 | BA23: 10888.31 | BB23: 10986.93 | BC23: 9483.93 | BD23: 19539.95 | BE23: 19312.42 | BF23: 0.79 | BG23: 0.78 | BH23: 35.81 | BI23: 896.8 | BJ23: 19312.42 | BK23: 19312.42 | BM23: 1620.78 | BU23: 9850.47 | BV23: 358.69 | BX23: 971.48 | BY23: 1314.39 | BZ23: 1735.26 | CA23: 1735.26 | CB23: 1735.26 | CE23: 97.24 | CH23: 9483.27 | CI23: 9410.11 | CJ23: 2876.67 | CK23: 2531.09 | CQ23: 2531.09 | CR23: 2531.09 | CS23: 3670.33 | CT23: 3670.33 | CU23: 33357.7 | CV23: 33831.21 | CW23: 8339.43 | CX23: 25018.28 | DB23: 23189.1 | DR23: 1023.29 | DZ23: 4152.41 | EA23: 6488.82 | EB23: 6488.82 | ED23: 584.76 | EE23: 10886.56 | EF23: 29205.29 | EG23: 4953.99 | EH23: 35524.42 | EI23: 44656.69 | EJ23: 44656.69 | EK23: 44656.69 | EL23: 44656.69 | EM23: 44656.69 | EN23: 44656.69 | EO23: 44656.69 | EP23: 44656.69 | EQ23: 44656.69 | ER23: 35524.39 | ES23: 9132.26 | ET23: 9132.26 | EU23: 9132.26 | EV23: 4924.39 | FB23: 15620.35 | FC23: 15620.35 | FD23: 15620.35 | FF23: 8.53e-05 | FH23: 38.87 | FI23: 187.52
A24: VAP. DENSITY @ 0°C | B24: kg/m³ | N24: 0.09 | O24: 0.09 | Q24: 0.09 | AF24: 0.09 | AG24: 0.09 | AH24: 0.09 | AI24: 0.09 | AJ24: 0.09 | AK24: 0.74 | AL24: 0.85 | AM24: 0.85 | AN24: 1.11 | AO24: 1.2 | AP24: 0.97 | AR24: 0.72 | AS24: 0.73 | AT24: 1.15 | AU24: 0.8 | AV24: 0.8 | AW24: 0.8 | AY24: 1.15 | AZ24: 1.15 | BA24: 1.06 | BB24: 0.95 | BC24: 0.79 | BD24: 0.63 | BE24: 0.61 | BF24: 0.83 | BG24: 0.86 | BH24: 1.04 | BI24: 3.6 | BJ24: 0.61 | BK24: 0.61 | BM24: 1.7 | BU24: 0.44 | BV24: 2.79 | BX24: 2.19 | BY24: 3.25 | BZ24: 4.49 | CA24: 4.49 | CB24: 4.49 | CE24: 5.96 | CH24: 2.18 | CI24: 1.93 | CJ24: 1.33 | CK24: 1.24 | CQ24: 1.24 | CR24: 1.24 | CS24: 0.8 | CT24: 0.8 | CU24: 0.8 | CV24: 0.8 | CW24: 0.8 | CX24: 0.8 | DB24: 2.8 | DR24: 3.85 | DZ24: 0.8 | EA24: 0.8 | EB24: 0.8 | ED24: 0.8 | EE24: 0.8 | EF24: 0.8 | EG24: 0.8 | EH24: 0.09 | EI24: 0.09 | EJ24: 0.09 | EK24: 0.09 | EL24: 0.09 | EM24: 0.09 | EN24: 0.09 | EO24: 0.09 | EP24: 0.09 | EQ24: 0.09 | ER24: 0.09 | ES24: 0.09 | ET24: 0.09 | EU24: 0.09 | EV24: 0.09 | FB24: 0.39 | FC24: 0.39 | FD24: 0.39 | FF24: 0.11 | FH24: 0.38 | FI24: 1.21
A25: VAP. VISC @ P&T | B25: cP | N25: 0.01 | O25: 0.01 | Q25: 0.01 | AF25: 0.01 | AG25: 0.01 | AH25: 0.01 | AI25: 0.01 | AJ25: 0.01 | AK25: 0.02 | AL25: 0.03 | AM25: 0.03 | AN25: 0.03 | AO25: 0.03 | AP25: 0.03 | AR25: 0.02 | AS25: 0.02 | AT25: 0.02 | AU25: 0.019 | AV25: 0.02 | AW25: 0.02 | AY25: 0.02 | AZ25: 0.02 | BA25: 0.02 | BB25: 0.02 | BC25: 0.01 | BD25: 0.01 | BE25: 0.01 | BF25: 0.01 | BG25: 0.01 | BH25: 0.01 | BI25: 0.01 | BJ25: 0.01 | BK25: 0.01 | BM25: 0.02 | BU25: 0.01 | BV25: 0.02 | BX25: 0.02 | BY25: 0.02 | BZ25: 0.01 | CA25: 0.01 | CB25: 0.01 | CE25: 0.01 | CH25: 0.01 | CI25: 0.01 | CJ25: 0.01 | CK25: 0.01 | CQ25: 0.01 | CR25: 0.01 | CS25: 0.02 | CT25: 0.02 | CU25: 0.02 | CV25: 0.02 | CW25: 0.02 | CX25: 0.02 | DB25: 0.01 | DR25: 0.01 | DZ25: 0.02 | EA25: 0.01 | EB25: 0.01 | ED25: 0.02 | EE25: 0.02 | EF25: 0.02 | EG25: 0.02 | EH25: 0.01 | EI25: 0.01 | EJ25: 0.01 | EK25: 0.01 | EL25: 0.01 | EM25: 0.01 | EN25: 0.01 | EO25: 0.01 | EP25: 0.01 | EQ25: 0.01 | ER25: 0.01 | ES25: 0.01 | ET25: 0.01 | EU25: 0.01 | EV25: 0.01 | FB25: 0.01 | FC25: 0.01 | FD25: 0.01 | FF25: 0.01 | FH25: 0.01 | FI25: 0.01
A26: VAP. THERM COND | B26: W/(m.K) | N26: 0.22 | O26: 0.25 | Q26: 0.25 | AF26: 0.22 | AG26: 0.22 | AH26: 0.22 | AI26: 0.22 | AJ26: 0.22 | AK26: 0.18 | AL26: 0.17 | AM26: 0.17 | AN26: 0.15 | AO26: 0.15 | AP26: 0.16 | AR26: 0.14 | AS26: 0.14 | AT26: 0.09 | AU26: 0.042 | AV26: 0.03 | AW26: 0.03 | AY26: 0.09 | AZ26: 0.1 | BA26: 0.08 | BB26: 0.07 | BC26: 0.07 | BD26: 0.09 | BE26: 0.09 | BF26: 0.06 | BG26: 0.06 | BH26: 0.05 | BI26: 0.04 | BJ26: 0.09 | BK26: 0.09 | BM26: 0.07 | BU26: 0.11 | BV26: 0.04 | BX26: 0.04 | BY26: 0.04 | BZ26: 0.04 | CA26: 0.04 | CB26: 0.04 | CE26: 0.04 | CH26: 0.03 | CI26: 0.03 | CJ26: 0.04 | CK26: 0.04 | CQ26: 0.04 | CR26: 0.04 | CS26: 0.04 | CT26: 0.04 | CU26: 0.04 | CV26: 0.04 | CW26: 0.03 | CX26: 0.03 | DB26: 0.02 | DR26: 0.03 | DZ26: 0.03 | EA26: 0.03 | EB26: 0.03 | ED26: 0.04 | EE26: 0.04 | EF26: 0.03 | EG26: 0.04 | EH26: 0.18 | EI26: 0.18 | EJ26: 0.18 | EK26: 0.21 | EL26: 0.18 | EM26: 0.18 | EN26: 0.21 | EO26: 0.19 | EP26: 0.19 | EQ26: 0.22 | ER26: 0.22 | ES26: 0.22 | ET26: 0.19 | EU26: 0.18 | EV26: 0.22 | FB26: 0.12 | FC26: 0.12 | FD26: 0.12 | FF26: 0.18 | FH26: 0.11 | FI26: 0.04
A27: VAPOR MW | B27: g/mol | N27: 2.03 | O27: 2.03 | Q27: 2.03 | AF27: 2.03 | AG27: 2.03 | AH27: 2.03 | AI27: 2.03 | AJ27: 2.03 | AK27: 16.61 | AL27: 19.1 | AM27: 19.1 | AN27: 24.82 | AO27: 26.89 | AP27: 21.83 | AR27: 16.21 | AS27: 16.27 | AT27: 25.88 | AU27: 18.02 | AV27: 18.02 | AW27: 18.02 | AY27: 25.88 | AZ27: 25.82 | BA27: 23.69 | BB27: 21.32 | BC27: 17.77 | BD27: 14.14 | BE27: 13.7 | BF27: 18.57 | BG27: 19.19 | BH27: 23.27 | BI27: 80.66 | BJ27: 13.7 | BK27: 13.7 | BM27: 38.12 | BU27: 9.83 | BV27: 62.63 | BX27: 49.09 | BY27: 72.85 | BZ27: 100.74 | CA27: 100.74 | CB27: 100.74 | CE27: 133.58 | CH27: 48.86 | CI27: 43.29 | CJ27: 29.78 | CK27: 27.72 | CQ27: 27.72 | CR27: 27.72 | CS27: 18.02 | CT27: 18.02 | CU27: 18.02 | CV27: 18.02 | CW27: 18.02 | CX27: 18.02 | DB27: 62.65 | DR27: 86.33 | DZ27: 18.02 | EA27: 18.02 | EB27: 18.02 | ED27: 18.02 | EE27: 18.02 | EF27: 18.02 | EG27: 18.02 | EH27: 2.03 | EI27: 2.03 | EJ27: 2.03 | EK27: 2.03 | EL27: 2.03 | EM27: 2.03 | EN27: 2.03 | EO27: 2.03 | EP27: 2.03 | EQ27: 2.03 | ER27: 2.03 | ES27: 2.03 | ET27: 2.03 | EU27: 2.03 | EV27: 2.03 | FB27: 8.71 | FC27: 8.71 | FD27: 8.71 | FF27: 2.36 | FH27: 8.59 | FI27: 27.01
A28: VAP. DENSITY | B28: kg/m³ | N28: 9.1 | AF28: 8.7 | AG28: 8.6 | AH28: 8.6 | AI28: 8.5 | AJ28: 8.5 | AK28: 41.5 | AL28: 46.7 | AM28: 52.6 | AN28: 58.9 | AO28: 63.5 | AP28: 12 | AU28: 5.6 | AV28: 2 | AW28: 1.9 | AY28: 17.4 | AZ28: 17.3 | BJ28: 15.6 | BK28: 15.5 | BU28: 11 | CA28: 6.2 | CB28: 3.7 | CH28: 17.1 | CI28: 19.8 | CQ28: 12.1 | CR28: 11.2 | CS28: 5.5 | CT28: 5 | CU28: 5.6 | CV28: 5.5 | CW28: 7.7 | CX28: 7.7 | DB28: 3.4 | DR28: 4.1 | DZ28: 7.7 | EA28: 3.8 | EB28: 2.5 | ED28: 1.8 | EE28: 1.8 | EF28: 7.7 | EG28: 5.5 | EH28: 1.9 | EI28: 1.9 | EJ28: 1.9 | EK28: 2.9 | EL28: 3.5 | EM28: 3.5 | EN28: 5.2 | EO28: 6.2 | EP28: 6.2 | EQ28: 9.2 | ER28: 9.2 | ES28: 9.2 | ET28: 11.2 | EU28: 1.9 | EV28: 9.2 | FB28: 9.2 | FC28: 9.2 | FD28: 8.9
A29: DENSITY | B29: kg/m³ | O29: 752.7 | Q29: 743 | AR29: 585.3 | AS29: 583.9 | AT29: 264.8 | AZ29: 17.3 | BA29: 20.7 | BB29: 43.8 | BC29: 59.1 | BD29: 34.6 | BE29: 35.9 | BH29: 496.2 | BI29: 38.4 | BM29: 431.4 | BV29: 85.3 | BX29: 323.8 | BY29: 233.8 | BZ29: 174.1 | CE29: 289.6 | CH29: 17.1 | CI29: 19.8 | CJ29: 71.6 | CK29: 81.2
A40: 汽相H2分压 | B40: MPaA | C40: =IF(C14="<empty>","",C14*C5) -> 3482.2 | D40: =IF(D14="<empty>","",D14*D5) -> 32458.75 | E40: =IF(E14="<empty>","",E14*E5) -> 4845.6 | F40: =IF(F14="<empty>","",F14*F5) -> 37579.084 | G40: =IF(G14="<empty>","",G14*G5) -> 4859.6127 | H40: =IF(H14="<empty>","",H14*H5) -> 42442.825 | I40: =IF(I14="<empty>","",I14*I5) -> 71908.937 | K40: =IF(K14="<empty>","",K14*K5) -> 71922.262 | V40: =IF(V14="<empty>","",V14*V5) -> 40111.12 | Y40: =IF(Y14="<empty>","",Y14*Y5) -> 147982.32 | Z40: =IF(Z14="<empty>","",Z14*Z5) -> 159039.06 | AA40: =IF(AA14="<empty>","",AA14*AA5) -> 614317.39 | AB40: =IF(AB14="<empty>","",AB14*AB5) -> 355136.45 | AC40: =IF(AC14="<empty>","",AC14*AC5) -> 353353.48 | AD40: =IF(AD14="<empty>","",AD14*AD5) -> 519652.87 | AE40: =IF(AE14="<empty>","",AE14*AE5) -> 520233.22 | AF40: =IF(AF14="<empty>","",AF14*AF5) -> 0 | ... AJ40: =IF(AJ14="<empty>","",AJ14*AJ5) -> 0 | AL40: =IF(AL14="<empty>","",AL14*AL5) -> 0 | AM40: =IF(AM14="<empty>","",AM14*AM5) -> 0 | AN40: =IF(AN14="<empty>","",AN14*AN5) -> 0 | AO40: =IF(AO14="<empty>","",AO14*AO5) -> 0 | AP40: =IF(AP14="<empty>","",AP14*AP5) -> 0 | AQ40: =IF(AQ14="<empty>","",AQ14*AQ5) -> 258913.63 | AR40: =IF(AR14="<empty>","",AR14*AR5) -> 146163.36 | AS40: =IF(AS14="<empty>","",AS14*AS5) -> 146132.06 | AT40: =IF(AT14="<empty>","",AT14*AT5) -> 129980.49 | AV40: =IF(AV14="<empty>","",AV14*AV5) -> 0 | AW40: =IF(AW14="<empty>","",AW14*AW5) -> 0 | AX40: =IF(AX14="<empty>","",AX14*AX5) -> 4.56 | AY40: =IF(AY14="<empty>","",AY14*AY5) -> 0 | AZ40: =IF(AZ14="<empty>","",AZ14*AZ5) -> 2.8643 | BA40: =IF(BA14="<empty>","",BA14*BA5) -> 326.97 | BB40: =IF(BB14="<empty>","",BB14*BB5) -> 1805.8105 | BC40: =IF(BC14="<empty>","",BC14*BC5) -> 997.15 | ... BK40: =IF(BK14="<empty>","",BK14*BK5) -> 0 | BM40: =IF(BM14="<empty>","",BM14*BM5) -> 127318.55 | BO40: =IF(BO14="<empty>","",BO14*BO5) -> 350.48 | BP40: =IF(BP14="<empty>","",BP14*BP5) -> 1313.5296 | BQ40: =IF(BQ14="<empty>","",BQ14*BQ5) -> 1313.5296 | BS40: =IF(BS14="<empty>","",BS14*BS5) -> 243.2052 | BT40: =IF(BT14="<empty>","",BT14*BT5) -> 1080.8384 | BU40: =IF(BU14="<empty>","",BU14*BU5) -> 0 | BV40: =IF(BV14="<empty>","",BV14*BV5) -> 1973.019 | BW40: =IF(BW14="<empty>","",BW14*BW5) -> 126419.45 | BX40: =IF(BX14="<empty>","",BX14*BX5) -> 125010.91 | BY40: =IF(BY14="<empty>","",BY14*BY5) -> 141477.01 | BZ40: =IF(BZ14="<empty>","",BZ14*BZ5) -> 155131.8 | ... CK40: =IF(CK14="<empty>","",CK14*CK5) -> 1082 | CM40: =IF(CM14="<empty>","",CM14*CM5) -> 893.8132 | CN40: =IF(CN14="<empty>","",CN14*CN5) -> 434.4075 | CO40: =IF(CO14="<empty>","",CO14*CO5) -> 463.3278 | CP40: =IF(CP14="<empty>","",CP14*CP5) -> 194.097 | CQ40: =IF(CQ14="<empty>","",CQ14*CQ5) -> 0 | CR40: =IF(CR14="<empty>","",CR14*CR5) -> 0 | CS40: =IF(CS14="<empty>","",CS14*CS5) -> 0 | CT40: =IF(CT14="<empty>","",CT14*CT5) -> 0 | CV40: =IF(CV14="<empty>","",CV14*CV5) -> 0 | CW40: =IF(CW14="<empty>","",CW14*CW5) -> 0 | CX40: =IF(CX14="<empty>","",CX14*CX5) -> 0 | CY40: =IF(CY14="<empty>","",CY14*CY5) -> 63.84 | CZ40: =IF(CZ14="<empty>","",CZ14*CZ5) -> 136892.26 | DB40: =IF(DB14="<empty>","",DB14*DB5) -> 0 | DC40: =IF(DC14="<empty>","",DC14*DC5) -> 8613.528 | DD40: =IF(DD14="<empty>","",DD14*DD5) -> 7652.6637 | DE40: =IF(DE14="<empty>","",DE14*DE5) -> 7682.3175 | DF40: =IF(DF14="<empty>","",DF14*DF5) -> 7111.6045 | DG40: =IF(DG14="<empty>","",DG14*DG5) -> 570.713 | DH40: =IF(DH14="<empty>","",DH14*DH5) -> 229.655 | DI40: =IF(DI14="<empty>","",DI14*DI5) -> 230 | DJ40: =IF(DJ14="<empty>","",DJ14*DJ5) -> 961.9062 | DL40: =IF(DL14="<empty>","",DL14*DL5) -> 45511.76 | DM40: =IF(DM14="<empty>","",DM14*DM5) -> 40407.48 | DN40: =IF(DN14="<empty>","",DN14*DN5) -> 32800.82 | DO40: =IF(DO14="<empty>","",DO14*DO5) -> 32826.16 | DP40: =IF(DP14="<empty>","",DP14*DP5) -> 11147.588 | DQ40: =IF(DQ14="<empty>","",DQ14*DQ5) -> 11145.245 | DR40: =IF(DR14="<empty>","",DR14*DR5) -> 0 | DS40: =IF(DS14="<empty>","",DS14*DS5) -> 9205.7625 | ... EC40: =IF(EC14="<empty>","",EC14*EC5) -> 77549.32 | EE40: =IF(EE14="<empty>","",EE14*EE5) -> 0 | EF40: =IF(EF14="<empty>","",EF14*EF5) -> 0 | EG40: =IF(EG14="<empty>","",EG14*EG5) -> 0 | EH40: =IF(EH14="<empty>","",EH14*EH5) -> 0 | EI40: =IF(EI14="<empty>","",EI14*EI5) -> 0 | EJ40: =IF(EJ14="<empty>","",EJ14*EJ5) -> 0 | EK40: =IF(EK14="<empty>","",EK14*EK5) -> 0 | EL40: =IF(EL14="<empty>","",EL14*EL5) -> 0 | ... EP40: =IF(EP14="<empty>","",EP14*EP5) -> 0 | ER40: =IF(ER14="<empty>","",ER14*ER5) -> 0 | ET40: =IF(ET14="<empty>","",ET14*ET5) -> 0 | EU40: =IF(EU14="<empty>","",EU14*EU5) -> 0 | EV40: =IF(EV14="<empty>","",EV14*EV5) -> 0 | EW40: =IF(EW14="<empty>","",EW14*EW5) -> 6496.4 | EX40: =IF(EX14="<empty>","",EX14*EX5) -> 6496.4 | EY40: =IF(EY14="<empty>","",EY14*EY5) -> 6496.4 | EZ40: =IF(EZ14="<empty>","",EZ14*EZ5) -> 8125 | FA40: =IF(FA14="<empty>","",FA14*FA5) -> 8125 | ... FI40: =IF(FI14="<empty>","",FI14*FI5) -> 8828.5
A41: 汽相H2S浓度 | B41: mol% | C41: =IF(C15="<empty>","",C15*100) -> 2816 | D41: =IF(D15="<empty>","",D15*100) -> 26038 | E41: =IF(E15="<empty>","",E15*100) -> 5092 | F41: =IF(F15="<empty>","",F15*100) -> 28857 | G41: =IF(G15="<empty>","",G15*100) -> 5092 | H41: =IF(H15="<empty>","",H15*100) -> 33949 | I41: =IF(I15="<empty>","",I15*100) -> 33949 | K41: =IF(K15="<empty>","",K15*100) -> 33949 | V41: =IF(V15="<empty>","",V15*100) -> 25866 | Y41: =IF(Y15="<empty>","",Y15*100) -> 34652 | Z41: =IF(Z15="<empty>","",Z15*100) -> 34652 | AA41: =IF(AA15="<empty>","",AA15*100) -> 86932 | AB41: =IF(AB15="<empty>","",AB15*100) -> 50281 | AC41: =IF(AC15="<empty>","",AC15*100) -> 50281 | AD41: =IF(AD15="<empty>","",AD15*100) -> 84645 | AE41: =IF(AE15="<empty>","",AE15*100) -> 85169 | AF41: =IF(AF15="<empty>","",AF15*100) -> 0 | ... AJ41: =IF(AJ15="<empty>","",AJ15*100) -> 0 | AL41: =IF(AL15="<empty>","",AL15*100) -> 0 | AM41: =IF(AM15="<empty>","",AM15*100) -> 0 | AN41: =IF(AN15="<empty>","",AN15*100) -> 0 | AO41: =IF(AO15="<empty>","",AO15*100) -> 0 | AP41: =IF(AP15="<empty>","",AP15*100) -> 0 | AQ41: =IF(AQ15="<empty>","",AQ15*100) -> 36651 | AR41: =IF(AR15="<empty>","",AR15*100) -> 36348 | AS41: =IF(AS15="<empty>","",AS15*100) -> 36333 | AT41: =IF(AT15="<empty>","",AT15*100) -> 34471 | AV41: =IF(AV15="<empty>","",AV15*100) -> 0 | AW41: =IF(AW15="<empty>","",AW15*100) -> 0 | AX41: =IF(AX15="<empty>","",AX15*100) -> 2 | AY41: =IF(AY15="<empty>","",AY15*100) -> 0 | AZ41: =IF(AZ15="<empty>","",AZ15*100) -> 1 | BA41: =IF(BA15="<empty>","",BA15*100) -> 143 | BB41: =IF(BB15="<empty>","",BB15*100) -> 1320 | BC41: =IF(BC15="<empty>","",BC15*100) -> 1679 | ... BK41: =IF(BK15="<empty>","",BK15*100) -> 0 | BM41: =IF(BM15="<empty>","",BM15*100) -> 34085 | BO41: =IF(BO15="<empty>","",BO15*100) -> 314 | BP41: =IF(BP15="<empty>","",BP15*100) -> 1291 | BQ41: =IF(BQ15="<empty>","",BQ15*100) -> 1291 | BS41: =IF(BS15="<empty>","",BS15*100) -> 237 | BT41: =IF(BT15="<empty>","",BT15*100) -> 1055 | BU41: =IF(BU15="<empty>","",BU15*100) -> 0 | BV41: =IF(BV15="<empty>","",BV15*100) -> 689 | BW41: =IF(BW15="<empty>","",BW15*100) -> 34651 | BX41: =IF(BX15="<empty>","",BX15*100) -> 34271 | BY41: =IF(BY15="<empty>","",BY15*100) -> 33978 | BZ41: =IF(BZ15="<empty>","",BZ15*100) -> 33525 | ... CK41: =IF(CK15="<empty>","",CK15*100) -> 2503 | CM41: =IF(CM15="<empty>","",CM15*100) -> 2144 | CN41: =IF(CN15="<empty>","",CN15*100) -> 1038 | CO41: =IF(CO15="<empty>","",CO15*100) -> 1106 | CP41: =IF(CP15="<empty>","",CP15*100) -> 475 | CQ41: =IF(CQ15="<empty>","",CQ15*100) -> 0 | CR41: =IF(CR15="<empty>","",CR15*100) -> 0 | CS41: =IF(CS15="<empty>","",CS15*100) -> 0 | CT41: =IF(CT15="<empty>","",CT15*100) -> 0 | CV41: =IF(CV15="<empty>","",CV15*100) -> 0 | CW41: =IF(CW15="<empty>","",CW15*100) -> 0 | CX41: =IF(CX15="<empty>","",CX15*100) -> 0 | CY41: =IF(CY15="<empty>","",CY15*100) -> 38 | CZ41: =IF(CZ15="<empty>","",CZ15*100) -> 30430 | DB41: =IF(DB15="<empty>","",DB15*100) -> 0 | DC41: =IF(DC15="<empty>","",DC15*100) -> 8079 | DD41: =IF(DD15="<empty>","",DD15*100) -> 7538 | DE41: =IF(DE15="<empty>","",DE15*100) -> 7538 | DF41: =IF(DF15="<empty>","",DF15*100) -> 6978 | DG41: =IF(DG15="<empty>","",DG15*100) -> 560 | DH41: =IF(DH15="<empty>","",DH15*100) -> 560 | DI41: =IF(DI15="<empty>","",DI15*100) -> 560 | DJ41: =IF(DJ15="<empty>","",DJ15*100) -> 977 | DL41: =IF(DL15="<empty>","",DL15*100) -> 15330 | DM41: =IF(DM15="<empty>","",DM15*100) -> 15330 | DN41: =IF(DN15="<empty>","",DN15*100) -> 15330 | DO41: =IF(DO15="<empty>","",DO15*100) -> 15329 | DP41: =IF(DP15="<empty>","",DP15*100) -> 3751 | DQ41: =IF(DQ15="<empty>","",DQ15*100) -> 3751 | DR41: =IF(DR15="<empty>","",DR15*100) -> 0 | DS41: =IF(DS15="<empty>","",DS15*100) -> 3312 | ... EC41: =IF(EC15="<empty>","",EC15*100) -> 30430 | EE41: =IF(EE15="<empty>","",EE15*100) -> 0 | EF41: =IF(EF15="<empty>","",EF15*100) -> 0 | EG41: =IF(EG15="<empty>","",EG15*100) -> 0 | EH41: =IF(EH15="<empty>","",EH15*100) -> 0 | EI41: =IF(EI15="<empty>","",EI15*100) -> 0 | EJ41: =IF(EJ15="<empty>","",EJ15*100) -> 0 | EK41: =IF(EK15="<empty>","",EK15*100) -> 0 | EL41: =IF(EL15="<empty>","",EL15*100) -> 0 | ... EP41: =IF(EP15="<empty>","",EP15*100) -> 0 | ER41: =IF(ER15="<empty>","",ER15*100) -> 0 | ET41: =IF(ET15="<empty>","",ET15*100) -> 0 | EU41: =IF(EU15="<empty>","",EU15*100) -> 0 | EV41: =IF(EV15="<empty>","",EV15*100) -> 0 | EW41: =IF(EW15="<empty>","",EW15*100) -> 15944 | EX41: =IF(EX15="<empty>","",EX15*100) -> 15944 | EY41: =IF(EY15="<empty>","",EY15*100) -> 15944 | EZ41: =IF(EZ15="<empty>","",EZ15*100) -> 15944 | FA41: =IF(FA15="<empty>","",FA15*100) -> 15944 | ... FI41: =IF(FI15="<empty>","",FI15*100) -> 16971
A42: 液相H2S浓度 | B42: mg/l | C42: =IF(OR(C25="<empty>",C27=0),"",C25/C27*1000) | D42: =IF(OR(D25="<empty>",D27=0),"",D25/D27*1000) | E42: =IF(OR(E25="<empty>",E27=0),"",E25/E27*1000) | F42: =IF(OR(F25="<empty>",F27=0),"",F25/F27*1000) | G42: =IF(OR(G25="<empty>",G27=0),"",G25/G27*1000) | H42: =IF(OR(H25="<empty>",H27=0),"",H25/H27*1000) | I42: =IF(OR(I25="<empty>",I27=0),"",I25/I27*1000) | K42: =IF(OR(K25="<empty>",K27=0),"",K25/K27*1000) | V42: =IF(OR(V25="<empty>",V27=0),"",V25/V27*1000) | Y42: =IF(OR(Y25="<empty>",Y27=0),"",Y25/Y27*1000) | Z42: =IF(OR(Z25="<empty>",Z27=0),"",Z25/Z27*1000) | AA42: =IF(OR(AA25="<empty>",AA27=0),"",AA25/AA27*1000) | AB42: =IF(OR(AB25="<empty>",AB27=0),"",AB25/AB27*1000) | AC42: =IF(OR(AC25="<empty>",AC27=0),"",AC25/AC27*1000) | AD42: =IF(OR(AD25="<empty>",AD27=0),"",AD25/AD27*1000) | AE42: =IF(OR(AE25="<empty>",AE27=0),"",AE25/AE27*1000) | AF42: =IF(OR(AF25="<empty>",AF27=0),"",AF25/AF27*1000) -> 4.9261084 | ... AJ42: =IF(OR(AJ25="<empty>",AJ27=0),"",AJ25/AJ27*1000) -> 4.9261084 | AL42: =IF(OR(AL25="<empty>",AL27=0),"",AL25/AL27*1000) -> 1.5706806 | AM42: =IF(OR(AM25="<empty>",AM27=0),"",AM25/AM27*1000) -> 1.5706806 | AN42: =IF(OR(AN25="<empty>",AN27=0),"",AN25/AN27*1000) -> 1.2087027 | AO42: =IF(OR(AO25="<empty>",AO27=0),"",AO25/AO27*1000) -> 1.1156564 | AP42: =IF(OR(AP25="<empty>",AP27=0),"",AP25/AP27*1000) -> 1.3742556 | AQ42: =IF(OR(AQ25="<empty>",AQ27=0),"",AQ25/AQ27*1000) | AR42: =IF(OR(AR25="<empty>",AR27=0),"",AR25/AR27*1000) -> 1.2338063 | AS42: =IF(OR(AS25="<empty>",AS27=0),"",AS25/AS27*1000) -> 1.2292563 | AT42: =IF(OR(AT25="<empty>",AT27=0),"",AT25/AT27*1000) -> 0.77279753 | AV42: =IF(OR(AV25="<empty>",AV27=0),"",AV25/AV27*1000) -> 1.1098779 | AW42: =IF(OR(AW25="<empty>",AW27=0),"",AW25/AW27*1000) -> 1.1098779 | AX42: =IF(OR(AX25="<empty>",AX27=0),"",AX25/AX27*1000) | AY42: =IF(OR(AY25="<empty>",AY27=0),"",AY25/AY27*1000) -> 0.77279753 | AZ42: =IF(OR(AZ25="<empty>",AZ27=0),"",AZ25/AZ27*1000) -> 0.77459334 | BA42: =IF(OR(BA25="<empty>",BA27=0),"",BA25/BA27*1000) -> 0.84423808 | BB42: =IF(OR(BB25="<empty>",BB27=0),"",BB25/BB27*1000) -> 0.9380863 | BC42: =IF(OR(BC25="<empty>",BC27=0),"",BC25/BC27*1000) -> 0.5627462 | ... BK42: =IF(OR(BK25="<empty>",BK27=0),"",BK25/BK27*1000) -> 0.72992701 | BM42: =IF(OR(BM25="<empty>",BM27=0),"",BM25/BM27*1000) -> 0.52465897 | BO42: =IF(OR(BO25="<empty>",BO27=0),"",BO25/BO27*1000) | BP42: =IF(OR(BP25="<empty>",BP27=0),"",BP25/BP27*1000) | BQ42: =IF(OR(BQ25="<empty>",BQ27=0),"",BQ25/BQ27*1000) | BS42: =IF(OR(BS25="<empty>",BS27=0),"",BS25/BS27*1000) | BT42: =IF(OR(BT25="<empty>",BT27=0),"",BT25/BT27*1000) | BU42: =IF(OR(BU25="<empty>",BU27=0),"",BU25/BU27*1000) -> 1.017294 | BV42: =IF(OR(BV25="<empty>",BV27=0),"",BV25/BV27*1000) -> 0.31933578 | BW42: =IF(OR(BW25="<empty>",BW27=0),"",BW25/BW27*1000) | BX42: =IF(OR(BX25="<empty>",BX27=0),"",BX25/BX27*1000) -> 0.40741495 | BY42: =IF(OR(BY25="<empty>",BY27=0),"",BY25/BY27*1000) -> 0.27453672 | BZ42: =IF(OR(BZ25="<empty>",BZ27=0),"",BZ25/BZ27*1000) -> 0.099265436 | ... CK42: =IF(OR(CK25="<empty>",CK27=0),"",CK25/CK27*1000) -> 0.36075036 | CM42: =IF(OR(CM25="<empty>",CM27=0),"",CM25/CM27*1000) | CN42: =IF(OR(CN25="<empty>",CN27=0),"",CN25/CN27*1000) | CO42: =IF(OR(CO25="<empty>",CO27=0),"",CO25/CO27*1000) | CP42: =IF(OR(CP25="<empty>",CP27=0),"",CP25/CP27*1000) | CQ42: =IF(OR(CQ25="<empty>",CQ27=0),"",CQ25/CQ27*1000) -> 0.36075036 | CR42: =IF(OR(CR25="<empty>",CR27=0),"",CR25/CR27*1000) -> 0.36075036 | CS42: =IF(OR(CS25="<empty>",CS27=0),"",CS25/CS27*1000) -> 1.1098779 | CT42: =IF(OR(CT25="<empty>",CT27=0),"",CT25/CT27*1000) -> 1.1098779 | CV42: =IF(OR(CV25="<empty>",CV27=0),"",CV25/CV27*1000) -> 1.1098779 | CW42: =IF(OR(CW25="<empty>",CW27=0),"",CW25/CW27*1000) -> 1.1098779 | CX42: =IF(OR(CX25="<empty>",CX27=0),"",CX25/CX27*1000) -> 1.1098779 | CY42: =IF(OR(CY25="<empty>",CY27=0),"",CY25/CY27*1000) | CZ42: =IF(OR(CZ25="<empty>",CZ27=0),"",CZ25/CZ27*1000) | DB42: =IF(OR(DB25="<empty>",DB27=0),"",DB25/DB27*1000) -> 0.15961692 | DC42: =IF(OR(DC25="<empty>",DC27=0),"",DC25/DC27*1000) | DD42: =IF(OR(DD25="<empty>",DD27=0),"",DD25/DD27*1000) | DE42: =IF(OR(DE25="<empty>",DE27=0),"",DE25/DE27*1000) | DF42: =IF(OR(DF25="<empty>",DF27=0),"",DF25/DF27*1000) | DG42: =IF(OR(DG25="<empty>",DG27=0),"",DG25/DG27*1000) | DH42: =IF(OR(DH25="<empty>",DH27=0),"",DH25/DH27*1000) | DI42: =IF(OR(DI25="<empty>",DI27=0),"",DI25/DI27*1000) | DJ42: =IF(OR(DJ25="<empty>",DJ27=0),"",DJ25/DJ27*1000) | DL42: =IF(OR(DL25="<empty>",DL27=0),"",DL25/DL27*1000) | DM42: =IF(OR(DM25="<empty>",DM27=0),"",DM25/DM27*1000) | DN42: =IF(OR(DN25="<empty>",DN27=0),"",DN25/DN27*1000) | DO42: =IF(OR(DO25="<empty>",DO27=0),"",DO25/DO27*1000) | DP42: =IF(OR(DP25="<empty>",DP27=0),"",DP25/DP27*1000) | DQ42: =IF(OR(DQ25="<empty>",DQ27=0),"",DQ25/DQ27*1000) | DR42: =IF(OR(DR25="<empty>",DR27=0),"",DR25/DR27*1000) -> 0.11583459 | DS42: =IF(OR(DS25="<empty>",DS27=0),"",DS25/DS27*1000) | ... EC42: =IF(OR(EC25="<empty>",EC27=0),"",EC25/EC27*1000) | EE42: =IF(OR(EE25="<empty>",EE27=0),"",EE25/EE27*1000) -> 1.1098779 | EF42: =IF(OR(EF25="<empty>",EF27=0),"",EF25/EF27*1000) -> 1.1098779 | EG42: =IF(OR(EG25="<empty>",EG27=0),"",EG25/EG27*1000) -> 1.1098779 | EH42: =IF(OR(EH25="<empty>",EH27=0),"",EH25/EH27*1000) -> 4.9261084 | EI42: =IF(OR(EI25="<empty>",EI27=0),"",EI25/EI27*1000) -> 4.9261084 | EJ42: =IF(OR(EJ25="<empty>",EJ27=0),"",EJ25/EJ27*1000) -> 4.9261084 | EK42: =IF(OR(EK25="<empty>",EK27=0),"",EK25/EK27*1000) -> 4.9261084 | EL42: =IF(OR(EL25="<empty>",EL27=0),"",EL25/EL27*1000) -> 4.9261084 | ... EP42: =IF(OR(EP25="<empty>",EP27=0),"",EP25/EP27*1000) -> 4.9261084 | ER42: =IF(OR(ER25="<empty>",ER27=0),"",ER25/ER27*1000) -> 4.9261084 | ET42: =IF(OR(ET25="<empty>",ET27=0),"",ET25/ET27*1000) -> 4.9261084 | EU42: =IF(OR(EU25="<empty>",EU27=0),"",EU25/EU27*1000) -> 4.9261084 | EV42: =IF(OR(EV25="<empty>",EV27=0),"",EV25/EV27*1000) -> 4.9261084 | EW42: =IF(OR(EW25="<empty>",EW27=0),"",EW25/EW27*1000) | EX42: =IF(OR(EX25="<empty>",EX27=0),"",EX25/EX27*1000) | EY42: =IF(OR(EY25="<empty>",EY27=0),"",EY25/EY27*1000) | EZ42: =IF(OR(EZ25="<empty>",EZ27=0),"",EZ25/EZ27*1000) | FA42: =IF(OR(FA25="<empty>",FA27=0),"",FA25/FA27*1000) | ... FI42: =IF(OR(FI25="<empty>",FI27=0),"",FI25/FI27*1000) -> 0.37023325
A44: Phase Comp Mole Frac (Vapour Phase-Ammonia) | C44: 0 | D44: 0 | E44: 0 | F44: 0 | G44: 0.005831 | H44: 0.005831 | I44: 0.00587 | J44: 0.005893 | K44: <empty> | V44: 0 | Y44: 0 | Z44: 0 | AA44: 0.013495 | AB44: 0.013495 | AC44: 0.00317 | AD44: 5.8e-05 | AE44: 8.1e-05 | AF44: 0.013495 | AG44: 0.006866 | AH44: <empty> | AI44: 0 | AJ44: 0 | AK44: 0.007475 | AL44: 0.011101 | AM44: 0.010522 | AN44: 0.007475 | AO44: 0.000514 | AP44: <empty> | AQ44: <empty> | AR44: <empty> | AS44: <empty> | AT44: <empty> | AU44: <empty> | AV44: <empty> | AW44: <empty> | AX44: 0.005907 | AY44: <empty> | AZ44: <empty> | BA44: 0 | BB44: 0 | BC44: 0 | BD44: 0 | BE44: 0 | BF44: 0 | BG44: <empty> | BH44: <empty> | BI44: <empty> | BJ44: <empty> | BK44: <empty> | BL44: <empty> | BM44: <empty> | BN44: <empty> | BO44: <empty> | BP44: <empty> | BQ44: <empty> | BR44: <empty> | BS44: <empty> | BT44: 0.002758 | BU44: 0.000243 | BV44: 6.9e-05 | BW44: 0 | BX44: <empty> | BY44: <empty> | BZ44: 0.002864 | CA44: <empty> | CB44: <empty> | CC44: <empty> | CD44: <empty> | CE44: <empty> | CF44: <empty> | CG44: <empty> | CH44: <empty> | CI44: <empty> | CJ44: <empty> | CK44: 0 | CL44: 0 | CM44: 0 | CN44: 0 | CO44: 0 | CP44: 0 | CQ44: 0 | CR44: 0 | CS44: 0 | CT44: 0 | CU44: 0.003651 | CV44: <empty> | CW44: <empty> | CX44: <empty> | CY44: <empty> | CZ44: 0 | DA44: <empty> | DB44: 0 | DC44: 0 | DD44: 8.1e-05 | DE44: 0.006746 | DF44: 0.010141 | DG44: 0.010002 | DH44: 0.010011 | DI44: <empty> | DJ44: <empty> | DK44: <empty> | DL44: <empty> | DM44: <empty> | DN44: <empty> | DO44: <empty> | DP44: 0.007475 | DQ44: 0.006942 | DR44: 0.010645 | DS44: 0.004971 | DT44: 0.005835 | DU44: <empty> | DV44: <empty> | DW44: <empty> | DX44: <empty> | DY44: <empty> | DZ44: <empty> | EA44: 0 | EB44: 0 | EC44: 0.003067 | ED44: 0 | EE44: <empty> | EF44: <empty> | EG44: <empty> | EH44: <empty> | EI44: <empty> | EJ44: <empty> | EK44: <empty> | EL44: <empty> | EM44: <empty> | EN44: <empty> | EO44: <empty> | EP44: <empty> | EQ44: <empty> | ER44: 6.9e-05 | ES44: 6.9e-05 | ET44: 0 | EU44: 0 | EV44: 0 | EW44: 0 | EX44: <empty> | EY44: <empty> | EZ44: <empty> | FA44: <empty> | FB44: <empty> | FC44: <empty> | FD44: <empty> | FE44: 0.010546 | FF44: <empty> | FG44: 6e-05 | FH44: 8.1e-05 | FI44: <empty>
A45: Phase Comp Mass Flow (Liquid Phase-Ammonia) | B45: kg/h | C45: <empty> | D45: 0 | E45: 0 | F45: 0 | G45: 0 | H45: 10.360087 | I45: 13.010252 | J45: <empty> | K45: 17.339816 | V45: 0 | Y45: 0 | Z45: <empty> | AA45: 8.293006 | AB45: 0 | AC45: 0.116251 | AD45: 0.010311 | AE45: 0.135349 | AF45: 8.293006 | AG45: 6.8577 | AH45: 0.000178 | AI45: 5.4e-05 | AJ45: 2.3e-05 | AK45: 1.449414 | AL45: 0.974607 | AM45: <empty> | AN45: 1.449414 | AO45: 0.000557 | AP45: 0.000171 | AQ45: 3.617951 | AR45: 3.617951 | AS45: 3.617951 | AT45: 3.617951 | AU45: 0.363173 | AV45: 0.363293 | AW45: 3.254778 | AX45: 16.33575 | AY45: 0.008385 | AZ45: 0.008385 | BA45: <empty> | BB45: <empty> | BC45: <empty> | BD45: <empty> | BE45: <empty> | BF45: <empty> | BG45: 1.4e-05 | BH45: 1.4e-05 | BI45: 4e-06 | BJ45: 4e-06 | BK45: 0.003383 | BL45: 0.003383 | BM45: 0.003383 | BN45: 0.000702 | BO45: 0.000703 | BP45: 0.000703 | BQ45: 0.000491 | BR45: 0.000491 | BS45: 0.000491 | BT45: 9e-06 | BU45: 0.192044 | BV45: 0.071707 | BW45: <empty> | BX45: 1e-06 | BY45: 1e-06 | BZ45: <empty> | CA45: 0 | CB45: 0 | CC45: <empty> | CD45: <empty> | CE45: <empty> | CF45: <empty> | CG45: <empty> | CH45: <empty> | CI45: <empty> | CJ45: <empty> | CK45: <empty> | CL45: <empty> | CM45: <empty> | CN45: <empty> | CO45: 1e-06 | CP45: 0.000253 | CQ45: 0.000239 | CR45: 0.000111 | CS45: 7.7e-05 | CT45: <empty> | CU45: <empty> | CV45: <empty> | CW45: <empty> | CX45: <empty> | CY45: <empty> | CZ45: <empty> | DA45: <empty> | DB45: <empty> | DC45: <empty> | DD45: 0 | DE45: 6.303413 | DF45: 10.98845 | DG45: 11.016744 | DH45: 9.818254 | DI45: 0 | DJ45: 0 | DK45: 0 | DL45: 0 | DM45: 0 | DN45: 0 | DO45: 0 | DP45: 0 | DQ45: <empty> | DR45: 0.957301 | DS45: 6.911247 | DT45: 15.401014 | DU45: 0 | DV45: 0 | DW45: 0 | DX45: 0 | DY45: 0 | DZ45: 0 | EA45: 0 | EB45: <empty> | EC45: 2.213913 | ED45: <empty> | EE45: 0.000132 | EF45: 0.000132 | EG45: 3.9e-05 | EH45: 3.9e-05 | EI45: 0.000171 | EJ45: 0 | EK45: 0 | EL45: 0 | EM45: 0 | EN45: 0 | EO45: 0.000682 | EP45: 0.000682 | EQ45: 0 | ER45: <empty> | ES45: 0.049024 | ET45: <empty> | EU45: <empty> | EV45: <empty> | EW45: <empty> | EX45: 0.049024 | EY45: <empty> | EZ45: <empty> | FA45: <empty> | FB45: <empty> | FC45: <empty> | FD45: <empty> | FE45: 0.029568 | FF45: 5.006026 | FG45: 0 | FH45: 0 | FI45: <empty>
A47: 汽相NH3浓度 | B47: mol% | C47: =IF(C44="<empty>","",C44*100) -> 0 | D47: =IF(D44="<empty>","",D44*100) -> 0 | E47: =IF(E44="<empty>","",E44*100) -> 0 | F47: =IF(F44="<empty>","",F44*100) -> 0 | G47: =IF(G44="<empty>","",G44*100) -> 0.5831 | H47: =IF(H44="<empty>","",H44*100) -> 0.5831 | I47: =IF(I44="<empty>","",I44*100) -> 0.587 | K47: =IF(K44="<empty>","",K44*100) | V47: =IF(V44="<empty>","",V44*100) -> 0 | Y47: =IF(Y44="<empty>","",Y44*100) -> 0 | Z47: =IF(Z44="<empty>","",Z44*100) -> 0 | AA47: =IF(AA44="<empty>","",AA44*100) -> 1.3495 | AB47: =IF(AB44="<empty>","",AB44*100) -> 1.3495 | AC47: =IF(AC44="<empty>","",AC44*100) -> 0.317 | AD47: =IF(AD44="<empty>","",AD44*100) -> 0.0058 | AE47: =IF(AE44="<empty>","",AE44*100) -> 0.0081 | AF47: =IF(AF44="<empty>","",AF44*100) -> 1.3495 | ... AJ47: =IF(AJ44="<empty>","",AJ44*100) -> 0 | AL47: =IF(AL44="<empty>","",AL44*100) -> 1.1101 | AM47: =IF(AM44="<empty>","",AM44*100) -> 1.0522 | AN47: =IF(AN44="<empty>","",AN44*100) -> 0.7475 | AO47: =IF(AO44="<empty>","",AO44*100) -> 0.0514 | AP47: =IF(AP44="<empty>","",AP44*100) | AQ47: =IF(AQ44="<empty>","",AQ44*100) | AR47: =IF(AR44="<empty>","",AR44*100) | AS47: =IF(AS44="<empty>","",AS44*100) | AT47: =IF(AT44="<empty>","",AT44*100) | AV47: =IF(AV44="<empty>","",AV44*100) | AW47: =IF(AW44="<empty>","",AW44*100) | AX47: =IF(AX44="<empty>","",AX44*100) -> 0.5907 | AY47: =IF(AY44="<empty>","",AY44*100) | AZ47: =IF(AZ44="<empty>","",AZ44*100) | BA47: =IF(BA44="<empty>","",BA44*100) -> 0 | BB47: =IF(BB44="<empty>","",BB44*100) -> 0 | BC47: =IF(BC44="<empty>","",BC44*100) -> 0 | ... BK47: =IF(BK44="<empty>","",BK44*100) | BM47: =IF(BM44="<empty>","",BM44*100) | BO47: =IF(BO44="<empty>","",BO44*100) | BP47: =IF(BP44="<empty>","",BP44*100) | BQ47: =IF(BQ44="<empty>","",BQ44*100) | BS47: =IF(BS44="<empty>","",BS44*100) | BT47: =IF(BT44="<empty>","",BT44*100) -> 0.2758 | BU47: =IF(BU44="<empty>","",BU44*100) -> 0.0243 | BV47: =IF(BV44="<empty>","",BV44*100) -> 0.0069 | BW47: =IF(BW44="<empty>","",BW44*100) -> 0 | BX47: =IF(BX44="<empty>","",BX44*100) | BY47: =IF(BY44="<empty>","",BY44*100) | BZ47: =IF(BZ44="<empty>","",BZ44*100) -> 0.2864 | ... CK47: =IF(CK44="<empty>","",CK44*100) -> 0 | CM47: =IF(CM44="<empty>","",CM44*100) -> 0 | CN47: =IF(CN44="<empty>","",CN44*100) -> 0 | CO47: =IF(CO44="<empty>","",CO44*100) -> 0 | CP47: =IF(CP44="<empty>","",CP44*100) -> 0 | CQ47: =IF(CQ44="<empty>","",CQ44*100) -> 0 | CR47: =IF(CR44="<empty>","",CR44*100) -> 0 | CS47: =IF(CS44="<empty>","",CS44*100) -> 0 | CT47: =IF(CT44="<empty>","",CT44*100) -> 0 | CV47: =IF(CV44="<empty>","",CV44*100) | CW47: =IF(CW44="<empty>","",CW44*100) | CX47: =IF(CX44="<empty>","",CX44*100) | CY47: =IF(CY44="<empty>","",CY44*100) | CZ47: =IF(CZ44="<empty>","",CZ44*100) -> 0 | DB47: =IF(DB44="<empty>","",DB44*100) -> 0 | DC47: =IF(DC44="<empty>","",DC44*100) -> 0 | DD47: =IF(DD44="<empty>","",DD44*100) -> 0.0081 | DE47: =IF(DE44="<empty>","",DE44*100) -> 0.6746 | DF47: =IF(DF44="<empty>","",DF44*100) -> 1.0141 | DG47: =IF(DG44="<empty>","",DG44*100) -> 1.0002 | DH47: =IF(DH44="<empty>","",DH44*100) -> 1.0011 | DI47: =IF(DI44="<empty>","",DI44*100) | DJ47: =IF(DJ44="<empty>","",DJ44*100) | DL47: =IF(DL44="<empty>","",DL44*100) | DM47: =IF(DM44="<empty>","",DM44*100) | DN47: =IF(DN44="<empty>","",DN44*100) | DO47: =IF(DO44="<empty>","",DO44*100) | DP47: =IF(DP44="<empty>","",DP44*100) -> 0.7475 | DQ47: =IF(DQ44="<empty>","",DQ44*100) -> 0.6942 | DR47: =IF(DR44="<empty>","",DR44*100) -> 1.0645 | DS47: =IF(DS44="<empty>","",DS44*100) -> 0.4971 | ... EC47: =IF(EC44="<empty>","",EC44*100) -> 0.3067 | EE47: =IF(EE44="<empty>","",EE44*100) | EF47: =IF(EF44="<empty>","",EF44*100) | EG47: =IF(EG44="<empty>","",EG44*100) | EH47: =IF(EH44="<empty>","",EH44*100) | EI47: =IF(EI44="<empty>","",EI44*100) | EJ47: =IF(EJ44="<empty>","",EJ44*100) | EK47: =IF(EK44="<empty>","",EK44*100) | EL47: =IF(EL44="<empty>","",EL44*100) | ... EP47: =IF(EP44="<empty>","",EP44*100) | ER47: =IF(ER44="<empty>","",ER44*100) -> 0.0069 | ET47: =IF(ET44="<empty>","",ET44*100) -> 0 | EU47: =IF(EU44="<empty>","",EU44*100) -> 0 | EV47: =IF(EV44="<empty>","",EV44*100) -> 0 | EW47: =IF(EW44="<empty>","",EW44*100) -> 0 | EX47: =IF(EX44="<empty>","",EX44*100) | EY47: =IF(EY44="<empty>","",EY44*100) | EZ47: =IF(EZ44="<empty>","",EZ44*100) | FA47: =IF(FA44="<empty>","",FA44*100) | ... FI47: =IF(FI44="<empty>","",FI44*100)
A48: 液相NH3浓度 | B48: mg/l | C48: =IF(OR(C45="<empty>",C27=0),"",C45/C27*1000) | D48: =IF(OR(D45="<empty>",D27=0),"",D45/D27*1000) | E48: =IF(OR(E45="<empty>",E27=0),"",E45/E27*1000) | F48: =IF(OR(F45="<empty>",F27=0),"",F45/F27*1000) | G48: =IF(OR(G45="<empty>",G27=0),"",G45/G27*1000) | H48: =IF(OR(H45="<empty>",H27=0),"",H45/H27*1000) | I48: =IF(OR(I45="<empty>",I27=0),"",I45/I27*1000) | K48: =IF(OR(K45="<empty>",K27=0),"",K45/K27*1000) | V48: =IF(OR(V45="<empty>",V27=0),"",V45/V27*1000) | Y48: =IF(OR(Y45="<empty>",Y27=0),"",Y45/Y27*1000) | Z48: =IF(OR(Z45="<empty>",Z27=0),"",Z45/Z27*1000) | AA48: =IF(OR(AA45="<empty>",AA27=0),"",AA45/AA27*1000) | AB48: =IF(OR(AB45="<empty>",AB27=0),"",AB45/AB27*1000) | AC48: =IF(OR(AC45="<empty>",AC27=0),"",AC45/AC27*1000) | AD48: =IF(OR(AD45="<empty>",AD27=0),"",AD45/AD27*1000) | AE48: =IF(OR(AE45="<empty>",AE27=0),"",AE45/AE27*1000) | AF48: =IF(OR(AF45="<empty>",AF27=0),"",AF45/AF27*1000) -> 4085.2246 | ... AJ48: =IF(OR(AJ45="<empty>",AJ27=0),"",AJ45/AJ27*1000) -> 0.011330049 | AL48: =IF(OR(AL45="<empty>",AL27=0),"",AL45/AL27*1000) -> 51.026545 | AM48: =IF(OR(AM45="<empty>",AM27=0),"",AM45/AM27*1000) | AN48: =IF(OR(AN45="<empty>",AN27=0),"",AN45/AN27*1000) -> 58.397019 | AO48: =IF(OR(AO45="<empty>",AO27=0),"",AO45/AO27*1000) -> 0.02071402 | AP48: =IF(OR(AP45="<empty>",AP27=0),"",AP45/AP27*1000) -> 0.007833257 | AQ48: =IF(OR(AQ45="<empty>",AQ27=0),"",AQ45/AQ27*1000) | AR48: =IF(OR(AR45="<empty>",AR27=0),"",AR45/AR27*1000) -> 223.19254 | AS48: =IF(OR(AS45="<empty>",AS27=0),"",AS45/AS27*1000) -> 222.36945 | AT48: =IF(OR(AT45="<empty>",AT27=0),"",AT45/AT27*1000) -> 139.79718 | AV48: =IF(OR(AV45="<empty>",AV27=0),"",AV45/AV27*1000) -> 20.160544 | AW48: =IF(OR(AW45="<empty>",AW27=0),"",AW45/AW27*1000) -> 180.62031 | AX48: =IF(OR(AX45="<empty>",AX27=0),"",AX45/AX27*1000) | AY48: =IF(OR(AY45="<empty>",AY27=0),"",AY45/AY27*1000) -> 0.32399536 | AZ48: =IF(OR(AZ45="<empty>",AZ27=0),"",AZ45/AZ27*1000) -> 0.32474826 | BA48: =IF(OR(BA45="<empty>",BA27=0),"",BA45/BA27*1000) | BB48: =IF(OR(BB45="<empty>",BB27=0),"",BB45/BB27*1000) | BC48: =IF(OR(BC45="<empty>",BC27=0),"",BC45/BC27*1000) | ... BK48: =IF(OR(BK45="<empty>",BK27=0),"",BK45/BK27*1000) -> 0.24693431 | BM48: =IF(OR(BM45="<empty>",BM27=0),"",BM45/BM27*1000) -> 0.088746065 | BO48: =IF(OR(BO45="<empty>",BO27=0),"",BO45/BO27*1000) | BP48: =IF(OR(BP45="<empty>",BP27=0),"",BP45/BP27*1000) | BQ48: =IF(OR(BQ45="<empty>",BQ27=0),"",BQ45/BQ27*1000) | BS48: =IF(OR(BS45="<empty>",BS27=0),"",BS45/BS27*1000) | BT48: =IF(OR(BT45="<empty>",BT27=0),"",BT45/BT27*1000) | BU48: =IF(OR(BU45="<empty>",BU27=0),"",BU45/BU27*1000) -> 19.536521 | BV48: =IF(OR(BV45="<empty>",BV27=0),"",BV45/BV27*1000) -> 1.1449305 | BW48: =IF(OR(BW45="<empty>",BW27=0),"",BW45/BW27*1000) | BX48: =IF(OR(BX45="<empty>",BX27=0),"",BX45/BX27*1000) -> 2.0370748e-05 | BY48: =IF(OR(BY45="<empty>",BY27=0),"",BY45/BY27*1000) -> 1.3726836e-05 | BZ48: =IF(OR(BZ45="<empty>",BZ27=0),"",BZ45/BZ27*1000) | ... CK48: =IF(OR(CK45="<empty>",CK27=0),"",CK45/CK27*1000) | CM48: =IF(OR(CM45="<empty>",CM27=0),"",CM45/CM27*1000) | CN48: =IF(OR(CN45="<empty>",CN27=0),"",CN45/CN27*1000) | CO48: =IF(OR(CO45="<empty>",CO27=0),"",CO45/CO27*1000) | CP48: =IF(OR(CP45="<empty>",CP27=0),"",CP45/CP27*1000) | CQ48: =IF(OR(CQ45="<empty>",CQ27=0),"",CQ45/CQ27*1000) -> 0.0086219336 | CR48: =IF(OR(CR45="<empty>",CR27=0),"",CR45/CR27*1000) -> 0.004004329 | CS48: =IF(OR(CS45="<empty>",CS27=0),"",CS45/CS27*1000) -> 0.00427303 | CT48: =IF(OR(CT45="<empty>",CT27=0),"",CT45/CT27*1000) | CV48: =IF(OR(CV45="<empty>",CV27=0),"",CV45/CV27*1000) | CW48: =IF(OR(CW45="<empty>",CW27=0),"",CW45/CW27*1000) | CX48: =IF(OR(CX45="<empty>",CX27=0),"",CX45/CX27*1000) | CY48: =IF(OR(CY45="<empty>",CY27=0),"",CY45/CY27*1000) | CZ48: =IF(OR(CZ45="<empty>",CZ27=0),"",CZ45/CZ27*1000) | DB48: =IF(OR(DB45="<empty>",DB27=0),"",DB45/DB27*1000) | DC48: =IF(OR(DC45="<empty>",DC27=0),"",DC45/DC27*1000) | DD48: =IF(OR(DD45="<empty>",DD27=0),"",DD45/DD27*1000) | DE48: =IF(OR(DE45="<empty>",DE27=0),"",DE45/DE27*1000) | DF48: =IF(OR(DF45="<empty>",DF27=0),"",DF45/DF27*1000) | DG48: =IF(OR(DG45="<empty>",DG27=0),"",DG45/DG27*1000) | DH48: =IF(OR(DH45="<empty>",DH27=0),"",DH45/DH27*1000) | DI48: =IF(OR(DI45="<empty>",DI27=0),"",DI45/DI27*1000) | DJ48: =IF(OR(DJ45="<empty>",DJ27=0),"",DJ45/DJ27*1000) | DL48: =IF(OR(DL45="<empty>",DL27=0),"",DL45/DL27*1000) | DM48: =IF(OR(DM45="<empty>",DM27=0),"",DM45/DM27*1000) | DN48: =IF(OR(DN45="<empty>",DN27=0),"",DN45/DN27*1000) | DO48: =IF(OR(DO45="<empty>",DO27=0),"",DO45/DO27*1000) | DP48: =IF(OR(DP45="<empty>",DP27=0),"",DP45/DP27*1000) | DQ48: =IF(OR(DQ45="<empty>",DQ27=0),"",DQ45/DQ27*1000) | DR48: =IF(OR(DR45="<empty>",DR27=0),"",DR45/DR27*1000) -> 11.088857 | DS48: =IF(OR(DS45="<empty>",DS27=0),"",DS45/DS27*1000) | ... EC48: =IF(OR(EC45="<empty>",EC27=0),"",EC45/EC27*1000) | EE48: =IF(OR(EE45="<empty>",EE27=0),"",EE45/EE27*1000) -> 0.0073251942 | EF48: =IF(OR(EF45="<empty>",EF27=0),"",EF45/EF27*1000) -> 0.0073251942 | EG48: =IF(OR(EG45="<empty>",EG27=0),"",EG45/EG27*1000) -> 0.0021642619 | EH48: =IF(OR(EH45="<empty>",EH27=0),"",EH45/EH27*1000) -> 0.019211823 | EI48: =IF(OR(EI45="<empty>",EI27=0),"",EI45/EI27*1000) -> 0.084236453 | EJ48: =IF(OR(EJ45="<empty>",EJ27=0),"",EJ45/EJ27*1000) -> 0 | EK48: =IF(OR(EK45="<empty>",EK27=0),"",EK45/EK27*1000) -> 0 | EL48: =IF(OR(EL45="<empty>",EL27=0),"",EL45/EL27*1000) -> 0 | ... EP48: =IF(OR(EP45="<empty>",EP27=0),"",EP45/EP27*1000) -> 0.33596059 | ER48: =IF(OR(ER45="<empty>",ER27=0),"",ER45/ER27*1000) | ET48: =IF(OR(ET45="<empty>",ET27=0),"",ET45/ET27*1000) | EU48: =IF(OR(EU45="<empty>",EU27=0),"",EU45/EU27*1000) | EV48: =IF(OR(EV45="<empty>",EV27=0),"",EV45/EV27*1000) | EW48: =IF(OR(EW45="<empty>",EW27=0),"",EW45/EW27*1000) | EX48: =IF(OR(EX45="<empty>",EX27=0),"",EX45/EX27*1000) | EY48: =IF(OR(EY45="<empty>",EY27=0),"",EY45/EY27*1000) | EZ48: =IF(OR(EZ45="<empty>",EZ27=0),"",EZ45/EZ27*1000) | FA48: =IF(OR(FA45="<empty>",FA27=0),"",FA45/FA27*1000) | ... FI48: =IF(OR(FI45="<empty>",FI27=0),"",FI45/FI27*1000)
A50: 液相总mol流率 | B50: kmol/h | C50: =C26/C32 -> #DIV/0! | D50: =D26/D32 -> #DIV/0! | E50: =E26/E32 -> #DIV/0! | F50: =F26/F32 -> #DIV/0! | G50: =G26/G32 -> #DIV/0! | H50: =H26/H32 -> #DIV/0! | I50: =I26/I32 -> #DIV/0! | K50: =K26/K32 -> #DIV/0! | V50: =V26/V32 -> #DIV/0! | Y50: =Y26/Y32 -> #DIV/0! | Z50: =Z26/Z32 -> #DIV/0! | AA50: =AA26/AA32 -> #DIV/0! | AB50: =AB26/AB32 -> #DIV/0! | AC50: =AC26/AC32 -> #DIV/0! | AD50: =AD26/AD32 -> #DIV/0! | AE50: =AE26/AE32 -> #DIV/0! | AF50: =AF26/AF32 -> #DIV/0! | ... AJ50: =AJ26/AJ32 -> #DIV/0! | AL50: =AL26/AL32 -> #DIV/0! | AM50: =AM26/AM32 -> #DIV/0! | AN50: =AN26/AN32 -> #DIV/0! | AO50: =AO26/AO32 -> #DIV/0! | AP50: =AP26/AP32 -> #DIV/0! | AQ50: =AQ26/AQ32 -> #DIV/0! | AR50: =AR26/AR32 -> #DIV/0! | AS50: =AS26/AS32 -> #DIV/0! | AT50: =AT26/AT32 -> #DIV/0! | AV50: =AV26/AV32 -> #DIV/0! | AW50: =AW26/AW32 -> #DIV/0! | AX50: =AX26/AX32 -> #DIV/0! | AY50: =AY26/AY32 -> #DIV/0! | AZ50: =AZ26/AZ32 -> #DIV/0! | BA50: =BA26/BA32 -> #DIV/0! | BB50: =BB26/BB32 -> #DIV/0! | BC50: =BC26/BC32 -> #DIV/0! | ... BK50: =BK26/BK32 -> #DIV/0! | BM50: =BM26/BM32 -> #DIV/0! | BO50: =BO26/BO32 -> #DIV/0! | BP50: =BP26/BP32 -> #DIV/0! | BQ50: =BQ26/BQ32 -> #DIV/0! | BS50: =BS26/BS32 -> #DIV/0! | BT50: =BT26/BT32 -> #DIV/0! | BU50: =BU26/BU32 -> #DIV/0! | BV50: =BV26/BV32 -> #DIV/0! | BW50: =BW26/BW32 -> #DIV/0! | BX50: =BX26/BX32 -> #DIV/0! | BY50: =BY26/BY32 -> #DIV/0! | BZ50: =BZ26/BZ32 -> #DIV/0! | ... CK50: =CK26/CK32 -> #DIV/0! | CM50: =CM26/CM32 -> #DIV/0! | CN50: =CN26/CN32 -> #DIV/0! | CO50: =CO26/CO32 -> #DIV/0! | CP50: =CP26/CP32 -> #DIV/0! | CQ50: =CQ26/CQ32 -> #DIV/0! | CR50: =CR26/CR32 -> #DIV/0! | CS50: =CS26/CS32 -> #DIV/0! | CT50: =CT26/CT32 -> #DIV/0! | CV50: =CV26/CV32 -> #DIV/0! | CW50: =CW26/CW32 -> #DIV/0! | CX50: =CX26/CX32 -> #DIV/0! | CY50: =CY26/CY32 -> #DIV/0! | CZ50: =CZ26/CZ32 -> #DIV/0! | DB50: =DB26/DB32 -> #DIV/0! | DC50: =DC26/DC32 -> #DIV/0! | DD50: =DD26/DD32 -> #DIV/0! | DE50: =DE26/DE32 -> #DIV/0! | DF50: =DF26/DF32 -> #DIV/0! | DG50: =DG26/DG32 -> #DIV/0! | DH50: =DH26/DH32 -> #DIV/0! | DI50: =DI26/DI32 -> #DIV/0! | DJ50: =DJ26/DJ32 -> #DIV/0! | DL50: =DL26/DL32 -> #DIV/0! | DM50: =DM26/DM32 -> #DIV/0! | DN50: =DN26/DN32 -> #DIV/0! | DO50: =DO26/DO32 -> #DIV/0! | DP50: =DP26/DP32 -> #DIV/0! | DQ50: =DQ26/DQ32 -> #DIV/0! | DR50: =DR26/DR32 -> #DIV/0! | DS50: =DS26/DS32 -> #DIV/0! | ... EC50: =EC26/EC32 -> #DIV/0! | EE50: =EE26/EE32 -> #DIV/0! | EF50: =EF26/EF32 -> #DIV/0! | EG50: =EG26/EG32 -> #DIV/0! | EH50: =EH26/EH32 -> #DIV/0! | EI50: =EI26/EI32 -> #DIV/0! | EJ50: =EJ26/EJ32 -> #DIV/0! | EK50: =EK26/EK32 -> #DIV/0! | EL50: =EL26/EL32 -> #DIV/0! | ... EP50: =EP26/EP32 -> #DIV/0! | ER50: =ER26/ER32 -> #DIV/0! | ET50: =ET26/ET32 -> #DIV/0! | EU50: =EU26/EU32 -> #DIV/0! | EV50: =EV26/EV32 -> #DIV/0! | EW50: =EW26/EW32 -> #DIV/0! | EX50: =EX26/EX32 -> #DIV/0! | EY50: =EY26/EY32 -> #DIV/0! | EZ50: =EZ26/EZ32 -> #DIV/0! | FA50: =FA26/FA32 -> #DIV/0! | ... FF50: =FF26/FF32 -> #DIV/0! | FG50: =FG6 -> 2.8 | FH50: =FH6 -> 0.7 | FI50: =FI26/FI32 -> #DIV/0!
A51: H2S mol流率 | B51: kmol/h | C51: =C25/34 -> 0 | D51: =D25/34 -> 0 | E51: =E25/34 -> 0 | F51: =F25/34 -> 0 | G51: =G25/34 -> 0 | H51: =H25/34 -> 0 | I51: =I25/34 -> 0 | K51: =K25/34 -> 0 | V51: =V25/34 -> 0 | Y51: =Y25/34 -> 0 | Z51: =Z25/34 -> 0 | AA51: =AA25/34 -> 0 | AB51: =AB25/34 -> 0 | AC51: =AC25/34 -> 0 | AD51: =AD25/34 -> 0 | AE51: =AE25/34 -> 0 | AF51: =AF25/34 -> 0.00029411765 | ... AJ51: =AJ25/34 -> 0.00029411765 | AL51: =AL25/34 -> 0.00088235294 | AM51: =AM25/34 -> 0.00088235294 | AN51: =AN25/34 -> 0.00088235294 | AO51: =AO25/34 -> 0.00088235294 | AP51: =AP25/34 -> 0.00088235294 | AQ51: =AQ25/34 -> 0 | AR51: =AR25/34 -> 0.00058823529 | AS51: =AS25/34 -> 0.00058823529 | AT51: =AT25/34 -> 0.00058823529 | AV51: =AV25/34 -> 0.00058823529 | AW51: =AW25/34 -> 0.00058823529 | AX51: =AX25/34 -> 0 | AY51: =AY25/34 -> 0.00058823529 | AZ51: =AZ25/34 -> 0.00058823529 | BA51: =BA25/34 -> 0.00058823529 | BB51: =BB25/34 -> 0.00058823529 | BC51: =BC25/34 -> 0.00029411765 | ... BK51: =BK25/34 -> 0.00029411765 | BM51: =BM25/34 -> 0.00058823529 | BO51: =BO25/34 -> 0 | BP51: =BP25/34 -> 0 | BQ51: =BQ25/34 -> 0 | BS51: =BS25/34 -> 0 | BT51: =BT25/34 -> 0 | BU51: =BU25/34 -> 0.00029411765 | BV51: =BV25/34 -> 0.00058823529 | BW51: =BW25/34 -> 0 | BX51: =BX25/34 -> 0.00058823529 | BY51: =BY25/34 -> 0.00058823529 | BZ51: =BZ25/34 -> 0.00029411765 | ... CK51: =CK25/34 -> 0.00029411765 | CM51: =CM25/34 -> 0 | CN51: =CN25/34 -> 0 | CO51: =CO25/34 -> 0 | CP51: =CP25/34 -> 0 | CQ51: =CQ25/34 -> 0.00029411765 | CR51: =CR25/34 -> 0.00029411765 | CS51: =CS25/34 -> 0.00058823529 | CT51: =CT25/34 -> 0.00058823529 | CV51: =CV25/34 -> 0.00058823529 | CW51: =CW25/34 -> 0.00058823529 | CX51: =CX25/34 -> 0.00058823529 | CY51: =CY25/34 -> 0 | CZ51: =CZ25/34 -> 0 | DB51: =DB25/34 -> 0.00029411765 | DC51: =DC25/34 -> 0 | DD51: =DD25/34 -> 0 | DE51: =DE25/34 -> 0 | DF51: =DF25/34 -> 0 | DG51: =DG25/34 -> 0 | DH51: =DH25/34 -> 0 | DI51: =DI25/34 -> 0 | DJ51: =DJ25/34 -> 0 | DL51: =DL25/34 -> 0 | DM51: =DM25/34 -> 0 | DN51: =DN25/34 -> 0 | DO51: =DO25/34 -> 0 | DP51: =DP25/34 -> 0 | DQ51: =DQ25/34 -> 0 | DR51: =DR25/34 -> 0.00029411765 | DS51: =DS25/34 -> 0 | ... EC51: =EC25/34 -> 0 | EE51: =EE25/34 -> 0.00058823529 | EF51: =EF25/34 -> 0.00058823529 | EG51: =EG25/34 -> 0.00058823529 | EH51: =EH25/34 -> 0.00029411765 | EI51: =EI25/34 -> 0.00029411765 | EJ51: =EJ25/34 -> 0.00029411765 | EK51: =EK25/34 -> 0.00029411765 | EL51: =EL25/34 -> 0.00029411765 | ... EP51: =EP25/34 -> 0.00029411765 | ER51: =ER25/34 -> 0.00029411765 | ET51: =ET25/34 -> 0.00029411765 | EU51: =EU25/34 -> 0.00029411765 | EV51: =EV25/34 -> 0.00029411765 | EW51: =EW25/34 -> 0 | EX51: =EX25/34 -> 0 | EY51: =EY25/34 -> 0 | EZ51: =EZ25/34 -> 0 | FA51: =FA25/34 -> 0 | ... FI51: =FI25/34 -> 0.00029411765
A52: H2S mol含量 | B52: mol% | C52: =C51/C50*100 -> #DIV/0! | D52: =D51/D50*100 -> #DIV/0! | E52: =E51/E50*100 -> #DIV/0! | F52: =F51/F50*100 -> #DIV/0! | G52: =G51/G50*100 -> #DIV/0! | H52: =H51/H50*100 -> #DIV/0! | I52: =I51/I50*100 -> #DIV/0! | K52: =K51/K50*100 -> #DIV/0! | V52: =V51/V50*100 -> #DIV/0! | Y52: =Y51/Y50*100 -> #DIV/0! | Z52: =Z51/Z50*100 -> #DIV/0! | AA52: =AA51/AA50*100 -> #DIV/0! | AB52: =AB51/AB50*100 -> #DIV/0! | AC52: =AC51/AC50*100 -> #DIV/0! | AD52: =AD51/AD50*100 -> #DIV/0! | AE52: =AE51/AE50*100 -> #DIV/0! | AF52: =AF51/AF50*100 -> #DIV/0! | ... AJ52: =AJ51/AJ50*100 -> #DIV/0! | AL52: =AL51/AL50*100 -> #DIV/0! | AM52: =AM51/AM50*100 -> #DIV/0! | AN52: =AN51/AN50*100 -> #DIV/0! | AO52: =AO51/AO50*100 -> #DIV/0! | AP52: =AP51/AP50*100 -> #DIV/0! | AQ52: =AQ51/AQ50*100 -> #DIV/0! | AR52: =AR51/AR50*100 -> #DIV/0! | AS52: =AS51/AS50*100 -> #DIV/0! | AT52: =AT51/AT50*100 -> #DIV/0! | AV52: =AV51/AV50*100 -> #DIV/0! | AW52: =AW51/AW50*100 -> #DIV/0! | AX52: =AX51/AX50*100 -> #DIV/0! | AY52: =AY51/AY50*100 -> #DIV/0! | AZ52: =AZ51/AZ50*100 -> #DIV/0! | BA52: =BA51/BA50*100 -> #DIV/0! | BB52: =BB51/BB50*100 -> #DIV/0! | BC52: =BC51/BC50*100 -> #DIV/0! | ... BK52: =BK51/BK50*100 -> #DIV/0! | BM52: =BM51/BM50*100 -> #DIV/0! | BO52: =BO51/BO50*100 -> #DIV/0! | BP52: =BP51/BP50*100 -> #DIV/0! | BQ52: =BQ51/BQ50*100 -> #DIV/0! | BS52: =BS51/BS50*100 -> #DIV/0! | BT52: =BT51/BT50*100 -> #DIV/0! | BU52: =BU51/BU50*100 -> #DIV/0! | BV52: =BV51/BV50*100 -> #DIV/0! | BW52: =BW51/BW50*100 -> #DIV/0! | BX52: =BX51/BX50*100 -> #DIV/0! | BY52: =BY51/BY50*100 -> #DIV/0! | BZ52: =BZ51/BZ50*100 -> #DIV/0! | ... CK52: =CK51/CK50*100 -> #DIV/0! | CM52: =CM51/CM50*100 -> #DIV/0! | CN52: =CN51/CN50*100 -> #DIV/0! | CO52: =CO51/CO50*100 -> #DIV/0! | CP52: =CP51/CP50*100 -> #DIV/0! | CQ52: =CQ51/CQ50*100 -> #DIV/0! | CR52: =CR51/CR50*100 -> #DIV/0! | CS52: =CS51/CS50*100 -> #DIV/0! | CT52: =CT51/CT50*100 -> #DIV/0! | CV52: =CV51/CV50*100 -> #DIV/0! | CW52: =CW51/CW50*100 -> #DIV/0! | CX52: =CX51/CX50*100 -> #DIV/0! | CY52: =CY51/CY50*100 -> #DIV/0! | CZ52: =CZ51/CZ50*100 -> #DIV/0! | DB52: =DB51/DB50*100 -> #DIV/0! | DC52: =DC51/DC50*100 -> #DIV/0! | DD52: =DD51/DD50*100 -> #DIV/0! | DE52: =DE51/DE50*100 -> #DIV/0! | DF52: =DF51/DF50*100 -> #DIV/0! | DG52: =DG51/DG50*100 -> #DIV/0! | DH52: =DH51/DH50*100 -> #DIV/0! | DI52: =DI51/DI50*100 -> #DIV/0! | DJ52: =DJ51/DJ50*100 -> #DIV/0! | DL52: =DL51/DL50*100 -> #DIV/0! | DM52: =DM51/DM50*100 -> #DIV/0! | DN52: =DN51/DN50*100 -> #DIV/0! | DO52: =DO51/DO50*100 -> #DIV/0! | DP52: =DP51/DP50*100 -> #DIV/0! | DQ52: =DQ51/DQ50*100 -> #DIV/0! | DR52: =DR51/DR50*100 -> #DIV/0! | DS52: =DS51/DS50*100 -> #DIV/0! | ... EC52: =EC51/EC50*100 -> #DIV/0! | EE52: =EE51/EE50*100 -> #DIV/0! | EF52: =EF51/EF50*100 -> #DIV/0! | EG52: =EG51/EG50*100 -> #DIV/0! | EH52: =EH51/EH50*100 -> #DIV/0! | EI52: =EI51/EI50*100 -> #DIV/0! | EJ52: =EJ51/EJ50*100 -> #DIV/0! | EK52: =EK51/EK50*100 -> #DIV/0! | EL52: =EL51/EL50*100 -> #DIV/0! | ... EP52: =EP51/EP50*100 -> #DIV/0! | ER52: =ER51/ER50*100 -> #DIV/0! | ET52: =ET51/ET50*100 -> #DIV/0! | EU52: =EU51/EU50*100 -> #DIV/0! | EV52: =EV51/EV50*100 -> #DIV/0! | EW52: =EW51/EW50*100 -> #DIV/0! | EX52: =EX51/EX50*100 -> #DIV/0! | EY52: =EY51/EY50*100 -> #DIV/0! | EZ52: =EZ51/EZ50*100 -> #DIV/0! | FA52: =FA51/FA50*100 -> #DIV/0! | ... FI52: =FI51/FI50*100 -> #DIV/0!
A53: NH3 mol流率 | B53: kmol/h | C53: =C45/17 -> #VALUE! | D53: =D45/17 -> 0 | E53: =E45/17 -> 0 | F53: =F45/17 -> 0 | G53: =G45/17 -> 0 | H53: =H45/17 -> 0.60941688 | I53: =I45/17 -> 0.76530894 | K53: =K45/17 -> 1.0199892 | V53: =V45/17 -> 0 | Y53: =Y45/17 -> 0 | Z53: =Z45/17 -> #VALUE! | AA53: =AA45/17 -> 0.48782388 | AB53: =AB45/17 -> 0 | AC53: =AC45/17 -> 0.0068382941 | AD53: =AD45/17 -> 0.00060652941 | AE53: =AE45/17 -> 0.0079617059 | AF53: =AF45/17 -> 0.48782388 | ... AJ53: =AJ45/17 -> 1.3529412e-06 | AL53: =AL45/17 -> 0.057329824 | AM53: =AM45/17 -> #VALUE! | AN53: =AN45/17 -> 0.085259647 | AO53: =AO45/17 -> 3.2764706e-05 | AP53: =AP45/17 -> 1.0058824e-05 | AQ53: =AQ45/17 -> 0.21282065 | AR53: =AR45/17 -> 0.21282065 | AS53: =AS45/17 -> 0.21282065 | AT53: =AT45/17 -> 0.21282065 | AV53: =AV45/17 -> 0.021370176 | AW53: =AW45/17 -> 0.19145753 | AX53: =AX45/17 -> 0.96092647 | AY53: =AY45/17 -> 0.00049323529 | AZ53: =AZ45/17 -> 0.00049323529 | BA53: =BA45/17 -> #VALUE! | BB53: =BB45/17 -> #VALUE! | BC53: =BC45/17 -> #VALUE! | ... BK53: =BK45/17 -> 0.000199 | BM53: =BM45/17 -> 0.000199 | BO53: =BO45/17 -> 4.1352941e-05 | BP53: =BP45/17 -> 4.1352941e-05 | BQ53: =BQ45/17 -> 2.8882353e-05 | BS53: =BS45/17 -> 2.8882353e-05 | BT53: =BT45/17 -> 5.2941176e-07 | BU53: =BU45/17 -> 0.011296706 | BV53: =BV45/17 -> 0.0042180588 | BW53: =BW45/17 -> #VALUE! | BX53: =BX45/17 -> 5.8823529e-08 | BY53: =BY45/17 -> 5.8823529e-08 | BZ53: =BZ45/17 -> #VALUE! | ... CK53: =CK45/17 -> #VALUE! | CM53: =CM45/17 -> #VALUE! | CN53: =CN45/17 -> #VALUE! | CO53: =CO45/17 -> 5.8823529e-08 | CP53: =CP45/17 -> 1.4882353e-05 | CQ53: =CQ45/17 -> 1.4058824e-05 | CR53: =CR45/17 -> 6.5294118e-06 | CS53: =CS45/17 -> 4.5294118e-06 | CT53: =CT45/17 -> #VALUE! | CV53: =CV45/17 -> #VALUE! | CW53: =CW45/17 -> #VALUE! | CX53: =CX45/17 -> #VALUE! | CY53: =CY45/17 -> #VALUE! | CZ53: =CZ45/17 -> #VALUE! | DB53: =DB45/17 -> #VALUE! | DC53: =DC45/17 -> #VALUE! | DD53: =DD45/17 -> 0 | DE53: =DE45/17 -> 0.370789 | DF53: =DF45/17 -> 0.64637941 | DG53: =DG45/17 -> 0.64804376 | DH53: =DH45/17 -> 0.57754435 | DI53: =DI45/17 -> 0 | DJ53: =DJ45/17 -> 0 | DL53: =DL45/17 -> 0 | DM53: =DM45/17 -> 0 | DN53: =DN45/17 -> 0 | DO53: =DO45/17 -> 0 | DP53: =DP45/17 -> 0 | DQ53: =DQ45/17 -> #VALUE! | DR53: =DR45/17 -> 0.056311824 | DS53: =DS45/17 -> 0.40654394 | ... EC53: =EC45/17 -> 0.13023018 | EE53: =EE45/17 -> 7.7647059e-06 | EF53: =EF45/17 -> 7.7647059e-06 | EG53: =EG45/17 -> 2.2941176e-06 | EH53: =EH45/17 -> 2.2941176e-06 | EI53: =EI45/17 -> 1.0058824e-05 | EJ53: =EJ45/17 -> 0 | EK53: =EK45/17 -> 0 | EL53: =EL45/17 -> 0 | ... EP53: =EP45/17 -> 4.0117647e-05 | ER53: =ER45/17 -> #VALUE! | ET53: =ET45/17 -> #VALUE! | EU53: =EU45/17 -> #VALUE! | EV53: =EV45/17 -> #VALUE! | EW53: =EW45/17 -> #VALUE! | EX53: =EX45/17 -> 0.0028837647 | EY53: =EY45/17 -> #VALUE! | EZ53: =EZ45/17 -> #VALUE! | FA53: =FA45/17 -> #VALUE! | ... FI53: =FI45/17 -> #VALUE!
A54: NH3 mol含量 | B54: mol% | C54: =C53/C50*100 -> #DIV/0! | D54: =D53/D50*100 -> #DIV/0! | E54: =E53/E50*100 -> #DIV/0! | F54: =F53/F50*100 -> #DIV/0! | G54: =G53/G50*100 -> #DIV/0! | H54: =H53/H50*100 -> #DIV/0! | I54: =I53/I50*100 -> #DIV/0! | K54: =K53/K50*100 -> #DIV/0! | V54: =V53/V50*100 -> #DIV/0! | Y54: =Y53/Y50*100 -> #DIV/0! | Z54: =Z53/Z50*100 -> #DIV/0! | AA54: =AA53/AA50*100 -> #DIV/0! | AB54: =AB53/AB50*100 -> #DIV/0! | AC54: =AC53/AC50*100 -> #DIV/0! | AD54: =AD53/AD50*100 -> #DIV/0! | AE54: =AE53/AE50*100 -> #DIV/0! | AF54: =AF53/AF50*100 -> #DIV/0! | ... AJ54: =AJ53/AJ50*100 -> #DIV/0! | AL54: =AL53/AL50*100 -> #DIV/0! | AM54: =AM53/AM50*100 -> #DIV/0! | AN54: =AN53/AN50*100 -> #DIV/0! | AO54: =AO53/AO50*100 -> #DIV/0! | AP54: =AP53/AP50*100 -> #DIV/0! | AQ54: =AQ53/AQ50*100 -> #DIV/0! | AR54: =AR53/AR50*100 -> #DIV/0! | AS54: =AS53/AS50*100 -> #DIV/0! | AT54: =AT53/AT50*100 -> #DIV/0! | AV54: =AV53/AV50*100 -> #DIV/0! | AW54: =AW53/AW50*100 -> #DIV/0! | AX54: =AX53/AX50*100 -> #DIV/0! | AY54: =AY53/AY50*100 -> #DIV/0! | AZ54: =AZ53/AZ50*100 -> #DIV/0! | BA54: =BA53/BA50*100 -> #DIV/0! | BB54: =BB53/BB50*100 -> #DIV/0! | BC54: =BC53/BC50*100 -> #DIV/0! | ... BK54: =BK53/BK50*100 -> #DIV/0! | BM54: =BM53/BM50*100 -> #DIV/0! | BO54: =BO53/BO50*100 -> #DIV/0! | BP54: =BP53/BP50*100 -> #DIV/0! | BQ54: =BQ53/BQ50*100 -> #DIV/0! | BS54: =BS53/BS50*100 -> #DIV/0! | BT54: =BT53/BT50*100 -> #DIV/0! | BU54: =BU53/BU50*100 -> #DIV/0! | BV54: =BV53/BV50*100 -> #DIV/0! | BW54: =BW53/BW50*100 -> #DIV/0! | BX54: =BX53/BX50*100 -> #DIV/0! | BY54: =BY53/BY50*100 -> #DIV/0! | BZ54: =BZ53/BZ50*100 -> #DIV/0! | ... CK54: =CK53/CK50*100 -> #DIV/0! | CM54: =CM53/CM50*100 -> #DIV/0! | CN54: =CN53/CN50*100 -> #DIV/0! | CO54: =CO53/CO50*100 -> #DIV/0! | CP54: =CP53/CP50*100 -> #DIV/0! | CQ54: =CQ53/CQ50*100 -> #DIV/0! | CR54: =CR53/CR50*100 -> #DIV/0! | CS54: =CS53/CS50*100 -> #DIV/0! | CT54: =CT53/CT50*100 -> #DIV/0! | CV54: =CV53/CV50*100 -> #DIV/0! | CW54: =CW53/CW50*100 -> #DIV/0! | CX54: =CX53/CX50*100 -> #DIV/0! | CY54: =CY53/CY50*100 -> #DIV/0! | CZ54: =CZ53/CZ50*100 -> #DIV/0! | DB54: =DB53/DB50*100 -> #DIV/0! | DC54: =DC53/DC50*100 -> #DIV/0! | DD54: =DD53/DD50*100 -> #DIV/0! | DE54: =DE53/DE50*100 -> #DIV/0! | DF54: =DF53/DF50*100 -> #DIV/0! | DG54: =DG53/DG50*100 -> #DIV/0! | DH54: =DH53/DH50*100 -> #DIV/0! | DI54: =DI53/DI50*100 -> #DIV/0! | DJ54: =DJ53/DJ50*100 -> #DIV/0! | DL54: =DL53/DL50*100 -> #DIV/0! | DM54: =DM53/DM50*100 -> #DIV/0! | DN54: =DN53/DN50*100 -> #DIV/0! | DO54: =DO53/DO50*100 -> #DIV/0! | DP54: =DP53/DP50*100 -> #DIV/0! | DQ54: =DQ53/DQ50*100 -> #DIV/0! | DR54: =DR53/DR50*100 -> #DIV/0! | DS54: =DS53/DS50*100 -> #DIV/0! | ... EC54: =EC53/EC50*100 -> #DIV/0! | EE54: =EE53/EE50*100 -> #DIV/0! | EF54: =EF53/EF50*100 -> #DIV/0! | EG54: =EG53/EG50*100 -> #DIV/0! | EH54: =EH53/EH50*100 -> #DIV/0! | EI54: =EI53/EI50*100 -> #DIV/0! | EJ54: =EJ53/EJ50*100 -> #DIV/0! | EK54: =EK53/EK50*100 -> #DIV/0! | EL54: =EL53/EL50*100 -> #DIV/0! | ... EP54: =EP53/EP50*100 -> #DIV/0! | ER54: =ER53/ER50*100 -> #DIV/0! | ET54: =ET53/ET50*100 -> #DIV/0! | EU54: =EU53/EU50*100 -> #DIV/0! | EV54: =EV53/EV50*100 -> #DIV/0! | EW54: =EW53/EW50*100 -> #DIV/0! | EX54: =EX53/EX50*100 -> #DIV/0! | EY54: =EY53/EY50*100 -> #DIV/0! | EZ54: =EZ53/EZ50*100 -> #DIV/0! | FA54: =FA53/FA50*100 -> #DIV/0! | ... FI54: =FI53/FI50*100 -> #DIV/0!
AK58: 新增 | BL58: 新增 | CU58: 新增 | DK58: 新增 | ED58: 新增 | EQ58: 新增 | ES58: 新增 | FK58: 新增 | FU58: 手输 | FV58: 手输 | FW58: 手输 | FX58: 手输 | GN58: 新增 | GQ58: 新增 | HC58: 新增 | HI58: 新增 | HJ58: 新增 | HK58: 新增 | HL58: 新增 | HM58: 新增 | HN58: 新增 | HT58: 203

Sheet 反应器选型
A1: 编号 | B1: 单位 | C1: 131-R-101 | E1: 编号 | F1: 单位 | G1: 131-R-102
A2: 反应器名称 | C2: 加氢反应器 | E2: 反应器名称 | G2: 在线精制反应器
A3: 反应器型式 | C3: 立式 Vertical | E3: 反应器型式 | G3: 立式 Vertical
A4: 反应器规格 | C4: =CONCATENATE("Φ",C17*1000,"×",C20*1000,"（T-T）") -> Φ4600×22000（T-T） | E4: 反应器规格 | G4: =CONCATENATE("Φ",G19*1000,"×",G30*1000,"（T-T）") -> Φ4600×21940（T-T）
A5: 反应器数量 | B5: 台 | C5: 2 | E5: 反应器数量 | F5: 台 | G5: 1
A6: 介质 | C6: 柴油,催化剂, H2,H2S | E6: 介质 | G6: 液化气,混合芳烃,低硫中芳烃,蜡油,H2,H2S
A7: 入口温度 | B7: ℃ | C7: =物流参数!FM4 -> 0 | E7: 入口温度 | F7: ℃ | G7: =物流参数!DT4 -> 124.47
A8: 入口压力 | B8: MPaG | C8: =输入!C31 -> 13.25 | E8: 入口压力 | F8: MPaG | G8: =物流参数!DT5-0.1 -> 223.71
A9: 出口温度 | B9: ℃ | C9: =物流参数!FM4 -> 0 | E9: 出口温度 | F9: ℃ | G9: =物流参数!M4 -> 752.77
A10: 出口压力 | B10: MPaG | C10: =C8 -> 13.25 | E10: 出口压力 | F10: MPaG | G10: =物流参数!M5-0.1 -> 187.37
A11: 最高操作压力 | B11: MPaG | C11: 13.9 | E11: 最高操作压力 | F11: MPaG | G11: 13.9
A12: 最高操作温度 | B12: ℃ | C12: 460 | E12: 最高操作温度 | F12: ℃ | G12: 420
A13: 新鲜原料体积流量 m³/h | B13: cum/h | C13: =#REF!/2 -> #REF! | E13: 进料标准液体体积流量 | F13: cum/h | G13: =#REF! -> #REF!
A14: 反应进料量 | B14: t/h | C14: =#REF!/2 -> #REF! | E14: 反应进料量 | F14: t/h | G14: =物流参数!DT7/1000 -> -1.68987
A15: 新鲜原料体积空速 | B15: h-1 | C15: 1 | E15: 喷淋密度 | F15: t/m2.h | G15: 14
A16: 催化剂体积 | B16: cum | C16: =C13/C15 -> #REF! | E16: 新鲜原料体积空速 | F16: h-1 | G16: 1
A17: 直径取值 | B17: m | C17: 4.6 | E17: 催化剂体积 | F17: cum | G17: 118
A18: 计算高度 | B18: m | C18: =C13/C15/(0.785*C17^2) -> #REF! | E18: 计算直径 | F18: m | G18: =SQRT(G14/G15) -> #VALUE!
A19: 最高液位高度 | B19: m | C19: 20 | E19: 直径取值 | F19: m | G19: 4.6
A20: 高度取值 | B20: m | C20: 22 | E20: 催化剂计算高度 | F20: m | G20: =G17/(0.785*G19*G19) -> 7.1038975 | H20: =G21/G22 -> 4.9763333
A21: 长径比 | C21: =C20/C17 -> 4.7826087 | E21: 催化剂高度圆整取值 | F21: m | G21: =(H21+I21+J21)/1000 -> 14.929 | H21: 1493 | I21: 6270 | J21: 7166
A22: 备注 | C22: 设备尺寸取可研 | E22: 床层数 | G22: 3
E23: 冷氢箱高 | F23: m | G23: 1.58
E24: 瓷球高 | F24: m | G24: 1.1
E25: 保护剂距上切线 | F25: m | G25: 0
E26: 上层保护剂 | F26: m | G26: 2.986
E27: 反应器总高1 | F27: m | G27: =G21+G24+G25+G26+(G22-1)*G23 -> 22.175
E28: 长径比 | G28: =G21/G19 -> 3.2454348
E29: 切线下部装填 | F29: m | G29: 0.235
E30: 反应器总高 | F30: m | G30: =G27-G29 -> 21.94
E31: 瓷球量 | F31: cum | G31: =0.785*G19*G19*(0.4*G22-G29)+3.14*G19*G19*G19/12 -> 41.498816
E32: 瓷球密度 | F32: kg/cum | G32: 1700
E33: 瓷球量 | F33: t | G33: =G32*G31/1000 -> 70.547987
E34: 催化剂密度 | F34: kg/cum | G34: 900
E35: 催化剂量 | F35: t | G35: =G17*G34/1000 -> 106.2
A36: 进口混相流速 | B36: m/s | C36: =C13/(0.785*C17*C17) -> #REF! | E36: 进口混相流速 | F36: m/s | G36: =G13/(0.785*G19*G19) -> #REF!
A37: 进口液相质量流量 | B37: kg/h | C37: =物流参数!FM26 -> 0 | E37: 进口液相质量流量 | F37: kg/h | G37: =物流参数!DT26 -> 0
A38: 进口液相分子量 | C38: =物流参数!FM32 -> 0 | E38: 进口液相分子量 | G38: =物流参数!DT32 -> 0
A39: 进口液相标准密度 | B39: kg/cum | C39: =物流参数!FM28 -> 0 | E39: 进口液相标准密度 | F39: kg/cum | G39: =物流参数!DT28 -> 0
A40: 进口液相实际密度 | B40: kg/cum | C40: =物流参数!FM29 -> 0 | E40: 进口液相实际密度 | F40: kg/cum | G40: =物流参数!DT29 -> 0
A41: 进口液相H2S浓度 | B41: mg/l | C41: =物流参数!FM25/物流参数!FM27*1000 -> #DIV/0! | E41: 进口液相H2S浓度 | F41: mg/l | G41: =物流参数!DT25/物流参数!DT27*1000 -> #DIV/0!
A42: 进口汽相质量流量 | B42: kg/h | C42: =物流参数!FM17 -> 0 | E42: 进口汽相质量流量 | F42: kg/h | G42: =物流参数!DT17 -> 818.54
A43: 进口汽相分子量 | C43: =物流参数!FM21 -> 0 | E43: 进口汽相分子量 | G43: =物流参数!DT21 -> 0.1
A44: 进口汽相密度 | B44: kg/cum | C44: =物流参数!FM18 -> 0 | E44: 进口汽相密度 | F44: kg/cum | G44: =物流参数!DT18 -> 41.2
A45: 进口汽相H2分压 | B45: MPaA | C45: =物流参数!FM14*物流参数!FM5 -> 0 | E45: 进口汽相H2分压 | F45: MPaA | G45: =物流参数!DT14*物流参数!DT5 -> 9207.5434
A46: 进口汽相H2S浓度 | B46: mol% | C46: =物流参数!FM15 -> 0 | E46: 进口汽相H2S浓度 | F46: mol% | G46: =物流参数!DT15 -> 33.12
A47: 出口液相质量流量 | B47: kg/h | C47: =物流参数!H26 -> 0 | E47: 出口液相质量流量 | F47: kg/h | G47: =物流参数!DS26 -> 0
A48: 出口液相分子量 | C48: =物流参数!H32 -> 0 | E48: 出口液相分子量 | G48: =物流参数!DS32 -> 0
A49: 出口液相标准密度 | B49: kg/cum | C49: =物流参数!H28 -> 0 | E49: 出口液相标准密度 | F49: kg/cum | G49: =物流参数!DS28 -> 0
A50: 出口液相实际密度 | B50: kg/cum | C50: =物流参数!H29 -> 0 | E50: 出口液相实际密度 | F50: kg/cum | G50: =物流参数!DS29 -> 0
A51: 出口液相H2S浓度 | B51: mg/l | C51: =物流参数!H25/物流参数!H27*1000 -> #DIV/0! | E51: 出口液相H2S浓度 | F51: mg/l | G51: =物流参数!DS25/物流参数!DS27*1000 -> #DIV/0!
A52: 出口汽相质量流量 | B52: kg/h | C52: =物流参数!G17 -> 911.73 | E52: 出口汽相质量流量 | F52: kg/h | G52: =物流参数!DS17 -> 818.54
A53: 出口汽相分子量 | C53: =物流参数!G21 -> 0.12 | E53: 出口汽相分子量 | G53: =物流参数!DS21 -> 0.1
A54: 出口汽相密度 | B54: kg/cum | C54: =物流参数!G18 -> 23.55 | E54: 出口汽相密度 | F54: kg/cum | G54: =物流参数!DS18 -> 41.2
A55: 出口汽相H2分压 | B55: MPaA | C55: =物流参数!G14*物流参数!G5 -> 4859.6127 | E55: 出口汽相H2分压 | F55: MPaA | G55: =物流参数!DS14*物流参数!DS5 -> 9205.7625
A56: 出口汽相H2S浓度 | B56: mol% | C56: =物流参数!G15 -> 50.92 | E56: 出口汽相H2S浓度 | F56: mol% | G56: =物流参数!DS15 -> 33.12
A57: 入口混相密度 | B57: kg/cum | C57: =物流参数!FM10 -> 0 | E57: 入口混相密度 | F57: kg/cum | G57: =物流参数!DT10 -> 437.51
A58: 出口混相密度 | B58: kg/cum | C58: =物流参数!FL10 -> 0 | E58: 出口混相密度 | F58: kg/cum | G58: =物流参数!M10 -> 596.82
A59: 操作介质重 | B59: kg | C59: =0.785*C17*C17*C19*(C57+C58)/2 -> 0 | E59: 操作介质重 | F59: kg | G59: =(0.785*G19*G19*G30-G17*(1-泄放量!C7))*(G57+G58)/2 -> 170166.19

Sheet 塔径核算
C2: HYSYS计算泛点率 % | D2: HYSYS计算塔径 mm | E2: 选取塔径 mm | F2: 参考塔径 mm
B3: 汽提塔 | C3: 33.02 | D3: 1829 | E3: 2200
B4: 常压塔 | C4: 80.92 | D4: 2896 | E4: 3200
B5: 常压侧线汽提塔 | C5: 27.18 | D5: 1829 | E5: 1600
B7: 吸收塔 | C7: 11.95 | D7: 609.6 | E7: 1000
C11: 汽提塔 | D11: 常压塔 | E11: 常压侧线汽提塔 | G11: 循环氢脱硫塔
B12: 设备编号 | C12: 217-T-101 | D12: 217-T-102 | E12: 217-T-103 | G12: 217-T-201
B13: 设备表选取塔径 mm | C13: 2400 | D13: 3200 | E13: 1400 | G13: 1800
B14: 塔釜液位高度(m) | C14: 2.6 | D14: 1.05 | E14: 2.6 | G14: 2
B15: 塔釜介质 | C15: 混合芳烃,低硫中芳烃,蜡油 | D15: 蜡油 | E15: 低硫中芳烃 | G15: 胺液
B16: 温度(℃) | C16: 205 | D16: 346 | E16: 241 | G16: 56
B17: 正常操作压力(MPaG) | C17: =物流参数!AI5-0.1 -> 109.35 | D17: =物流参数!DU5-0.1 -> 129.24 | E17: =物流参数!DI5-0.1 -> 39.9 | G17: 11.9
B18: 操作条件下液体产品质量流量(kg/h) | C18: =物流参数!AI7 -> 1184.49 | D18: =物流参数!DU7 -> -1934.21 | E18: =物流参数!DI7 -> -2192.73 | G18: =G42/0.3 -> 58605.556
B19: 操作条件下液体产品密度(kg/m3) | C19: =物流参数!AI10 -> -239.55 | D19: =物流参数!DU10 -> 437.51 | E19: =物流参数!DI10 -> 296.27 | G19: 1009
B20: 操作条件下液体产品体积流量(m3/h) | C20: =C18/C19 -> -4.9446462 | D20: =D18/D19 -> -4.4209504 | E20: =E18/E19 -> -7.4011206 | G20: =G18/G19 -> 58.08281
B21: 液体产品停留时间(min) | C21: =0.785*(C13/1000)^2*C14/C20*60 -> -142.6532 | D21: =0.785*(D13/1000)^2*D14/D20*60 -> -114.54985 | E21: =0.785*(E13/1000)^2*E14/E20*60 -> -32.43044 | G21: =0.785*(G13/1000)^2*G14/G20*60 -> 5.2547044
B22: 液体产品最小停留时间(min) | C22: 5 | D22: 10 | E22: 3 | G22: 5
B24: 塔板数 | C24: 20 | D24: 30 | E24: 6 | G24: 14
B25: 塔板间距 mm | C25: 600 | D25: 600 | E25: 600 | G25: 600
B26: 进料处塔板间距 mm | C26: 600 | D26: 3200
B27: 塔顶切线距第一块塔板间距 mm | C27: 1000 | D27: 1500 | E27: 1500 | G27: 1500
B28: 最下层塔板距塔釜最高液位 mm | C28: =750+600 -> 1350 | D28: =750+600 -> 1350 | E28: =750+600 -> 1350 | G28: =750+600 -> 1350
B29: 最高液位距正常液位 mm | C29: 2600 | D29: =D30 -> 1050 | E29: 4300 | G29: 2000
B30: 塔釜正常液位高度(NL) mm | C30: =C14*1000 -> 2600 | D30: =D14*1000 -> 1050 | E30: =E14*1000 -> 2600 | G30: =G14*1000 -> 2000
B31: 总人孔数 | C31: 5 | D31: 4 | E31: 2 | G31: 4
B32: 塔板间人孔数 | C32: 3 | D32: 2 | E32: 0 | G32: 2
B33: 人孔处塔板间距 mm | C33: 800 | D33: 800 | E33: 800 | G33: 800
B34: 侧线抽出、返回口 | D34: 3
B35: 侧线抽出口塔板间距 mm | D35: 800
B36: 液位计口距塔底切线（LL） mm | C36: 150 | D36: 150 | E36: 150 | G36: 150
B37: 塔切线高度 mm | C37: =(C24-1)*C25+C27+C28++C29+C30+(C33-C25)*C32+(C35-C25)*C34 -> 19550 | D37: =(D24-2)*D25+D26+D27+D28++D29+D30+(D33-D25)*D32+(D35-D25)*D34-100 -> 25850 | E37: =(E24-1)*E25+E27+E28++E29+E30+(E33-E25)*E32+(E35-E25)*E34 -> 12750 | G37: =(G24-1)*G25+G27+G28++G29+G30+(G33-G25)*G32+(G35-G25)*G34 -> 15050
B41: H2S | G41: 1507
B42: MDEA | G42: =G41/34/0.3*119 -> 17581.667

Sheet 高压容器核算
A1: 容器编号 | B1: 217-V-203 | C1: 217-V-207 | D1: 217-V-209
A2: 容器名称 | B2: 高压闪蒸罐 | C2: 热高压分离器 | D2: 冷高压分离器
A3: 容器形式 | B3: 立式 | C3: 立式 | D3: 立式
A4: 容器规格 | B4: =CONCATENATE("Φ",B6*1000,"×",B7*1000,"（T-T）",B3) -> Φ2800×10500（T-T）立式 | C4: =CONCATENATE("Φ",C6*1000,"×",C7*1000,"（T-T）",C3) -> Φ2400×8500（T-T）立式 | D4: =CONCATENATE("Φ",D6*1000,"×",D7*1000,"（T-T）",D3) -> Φ2000×6500（T-T）立式
A5: 分水包规格 | B5: =IF(OR(B8=0,B8=""),"",CONCATENATE("Φ",B8*1000,"×",B9*1000,"（T.L）")) | C5: =IF(OR(C8=0,C8=""),"",CONCATENATE("Φ",C8*1000,"×",C9*1000,"（T.L）")) | D5: =IF(OR(D8=0,D8=""),"",CONCATENATE("Φ",D8*1000,"×",D9*1000,"（T.L）"))
A6: 容器直径(m) | B6: =B36 -> 2.8 | C6: =C36 -> 2.4 | D6: =D36 -> 2
A7: 容器切线长度(m) | B7: =B46 -> 10.5 | C7: =C46 -> 8.5 | D7: =D46 -> 6.5
A8: 分水包直径(m)
A9: 分水包长度(m)
A10: 容器容积，m3 | B10: =0.785*B6*B6*B7+3.14/24*2*B6^3 -> 70.365307 | C10: =0.785*C6*C6*C7+3.14/24*2*C6^3 -> 42.05088 | D10: =0.785*D6*D6*D7+3.14/24*2*D6^3 -> 22.503333
A11: 介质 | B11: 油气, H2,H2S | C11: 油气, H2,H2S | D11: 油气, H2,H2S
A12: 温度(℃) | B12: =物流参数!J4 -> 752.77 | C12: =物流参数!O4 -> 972.47 | D12: =物流参数!S4 -> 105.62
A13: 正常操作压力(MPaG) | B13: 12.95 | C13: =输入!F54 -> 12.2 | D13: =输入!F56 -> 12
A14: 最高操作压力(MPaG) | B14: =反应器选型!C11 -> 13.9 | C14: =B14 -> 13.9 | D14: 12.7
A15: 操作条件下气体产品流量(kg/h) | B15: =物流参数!J17 -> 911.73 | C15: =物流参数!O17 -> 899.97 | D15: =物流参数!S17 -> 883.77
A16: 操作条件下液体产品流量(kg/h) | B16: =物流参数!J26 -> 0 | C16: =物流参数!O26 -> 0.25 | D16: =物流参数!S26 -> 0
A17: 介质最大流量系数 | B17: 1.3 | C17: 1.3 | D17: 1.3
A18: 最大气体产品流量(kg/h) | B18: =B15*$B$17 -> 1185.249 | C18: =C15*$B$17 -> 1169.961 | D18: =D15*$B$17 -> 1148.901
A19: 最大液体产品流量(kg/h) | B19: =B16*$B$17 -> 0 | C19: =C16*$B$17 -> 0.325 | D19: =D16*$B$17 -> 0
A20: 操作条件下的气体密度(kg/m3) | B20: =物流参数!J18 -> 23.55 | C20: =物流参数!O18 -> 25.57 | D20: =物流参数!S18 -> 28.45
A21: 操作条件下的液体密度(kg/m3) | B21: =物流参数!J29 -> 0 | C21: =物流参数!O29 -> 752.7 | D21: =物流参数!S29 -> 0
A22: 操作条件下气体产品流率(m3/s) | B22: =B18/B20/3600 -> 0.01398029 | C22: =C18/C20/3600 -> 0.012709784 | D22: =D18/D20/3600 -> 0.011217545
A23: 操作条件下的液体产品流率(m3/s) | B23: =B19/B21/3600 -> #DIV/0! | C23: =C19/C21/3600 -> 1.1993859e-07 | D23: =D19/D21/3600 -> #DIV/0!
A24: 操作条件下气体产品流速(m/s) | B24: =B22/0.785/B36/B36 -> 0.0022715927 | C24: =C22/0.785/C36/C36 -> 0.002810904 | D24: =D22/0.785/D36/D36 -> 0.0035724667
A25: 操作条件下液体产品流速(m/s) | B25: =B23/0.785/B36/B36 -> #DIV/0! | C25: =C23/0.785/C36/C36 -> 2.6525697e-08 | D25: =D23/0.785/D36/D36 -> #DIV/0!
A26: 气相H2S分压(MPaA) | B26: =物流参数!J15*(B13+0.1) -> 4430.3445 | C26: =物流参数!O15*(C13+0.1) -> 4234.152 | D26: =物流参数!S15*(D13+0.1) -> 552.365
A27: 气相H2分压(MPaA) | B27: =物流参数!J14*(B13+0.1) -> 5073.84 | C27: =物流参数!O14*(C13+0.1) -> 4799.46 | D27: =物流参数!S14*(D13+0.1) -> 612.865
A28: 液相H2S浓度(wt%) | B28: =物流参数!J25*100/B16 -> #DIV/0! | C28: =物流参数!O25*100/C16 -> 4 | D28: =物流参数!S25*100/D16 -> #DIV/0!
A29: 按气相计算：
A30: 气体在容器的气体空间的临界速度uc(m/s) | B30: =0.0442*SQRT((B21-B20)/B20) -> #VALUE! | C30: =0.0442*SQRT((C21-C20)/C20) -> 0.23570182 | D30: =0.0442*SQRT((D21-D20)/D20) -> #VALUE!
A31: 气体允许速度uo(m/s) | B31: =0.8*B30 -> #VALUE! | C31: =0.8*C30 -> 0.18856146 | D31: =0.8*D30 -> #VALUE!
A32: 容器计算直径(m) | B32: =(B22/(0.785*B31))^0.5 -> #VALUE! | C32: =(C22/(0.785*C31))^0.5 -> 0.2930271 | D32: =(D22/(0.785*D31))^0.5 -> #VALUE!
A33: 按液相计算：
A34: 最高液速(m/s) | B34: =0.9/60 -> 0.015 | C34: =B34 -> 0.015 | D34: =C34 -> 0.015
A35: 容器计算直径（m） | B35: =(B23/(0.785*B34))^0.5 -> #DIV/0! | C35: =(C23/(0.785*C34))^0.5 -> 0.0031915306 | D35: =(D23/(0.785*D34))^0.5 -> #DIV/0!
A36: 取直径(m) | B36: 2.8 | C36: 2.4 | D36: 2
A37: 切线高度计算：
A38: 从顶部切线到油入口-L1(m) | B38: 4 | C38: 2 | D38: 2
A39: 从油入口到HHL-L2(m) | B39: =B23*60/(0.785*B36*B36) -> #DIV/0! | C39: =C23*60/(0.785*C36*C36) -> 1.5915418e-06 | D39: =D23*60/(0.785*D36*D36) -> #DIV/0!
A40: 取L2(m) | B40: 1 | C40: 1 | D40: 1
A41: 从HHL到HL-L3(m),取L3=L2 | B41: =B40 -> 1 | C41: =C40 -> 1 | D41: =D40 -> 1
A42: 从HL到LL-L4(m) | B42: =B39*3 -> #DIV/0! | C42: =C39*3 -> 4.7746255e-06 | D42: =D39*3 -> #DIV/0!
A43: 取L4(m) | B43: 2.5 | C43: 2.5 | D43: 0.5
A44: 从LL到LLL（LLSD）(m),取L5=L2 | B44: =B40 -> 1 | C44: =C40 -> 1 | D44: =D40 -> 1
A45: 从LLL到底部切线(m),取L6=L2 | B45: =B40 -> 1 | C45: =C40 -> 1 | D45: =D40 -> 1
A46: 总高(m) | B46: =SUM(B38,B40,B41,B43,B44,B45) -> 10.5 | C46: =SUM(C38,C40,C41,C43,C44,C45) -> 8.5 | D46: =SUM(D38,D40,D41,D43,D44,D45) -> 6.5
A47: 高径比 | B47: =B7/B6 -> 3.75 | C47: =C7/C6 -> 3.5416667 | D47: =D7/D6 -> 3.25
A48: 罐体容积(m3) | B48: =0.785*B6*B6*B7+PI()/6*B6^3 -> 76.11524 | C48: =0.785*C6*C6*C7+PI()/6*C6^3 -> 45.671829 | D48: =0.785*D6*D6*D7+PI()/6*D6^3 -> 24.59879
A49: 正常操作液体体积(m3) | B49: =0.785*B6*B6*(0.5*B43+B44+B45)+PI()/12*B6^3 -> 25.74882 | C49: =0.785*C6*C6*(0.5*C43+C44+C45)+PI()/12*C6^3 -> 18.314315 | D49: =0.785*D6*D6*(0.5*D43+D44+D45)+PI()/12*D6^3 -> 9.1593951
A50: 正常操作液位(距罐底)(m) | B50: =0.5*B43+B44+B45+0.5*B6 -> 4.65 | C50: =0.5*C43+C44+C45+0.5*C6 -> 4.45 | D50: =0.5*D43+D44+D45+0.5*D6 -> 3.25
A51: 液位控制要求体积范围：
A52: 低液位体积(m3) | B52: =0.785*B6*B6*(B44+B45)+PI()/12*B6^3 -> 18.05582 | C52: =0.785*C6*C6*(C44+C45)+PI()/12*C6^3 -> 12.662315 | D52: =0.785*D6*D6*(D44+D45)+PI()/12*D6^3 -> 8.3743951
A53: 高液位体积(m3) | B53: =0.785*B6*B6*(B43+B44+B45)+PI()/12*B6^3 -> 33.44182 | C53: =0.785*C6*C6*(C43+C44+C45)+PI()/12*C6^3 -> 23.966315 | D53: =0.785*D6*D6*(D43+D44+D45)+PI()/12*D6^3 -> 9.9443951
A54: 正常液位到放空时间(min) | B54: =B49/B23/60 -> #DIV/0! | C54: =C49/C23/60 -> 2544957.2 | D54: =D49/D23/60 -> #DIV/0!
A56: 操作介质重,kg | B56: =B49*B21+(B48-B49)*B20 -> 1186.1292 | C56: =C49*C21+(C48-C49)*C20 -> 14484.716 | D56: =D49*D21+(D48-D49)*D20 -> 439.25079

Sheet 汽液分离罐核算
A1: 容器编号 | B1: 132-D-102 | C1: 131-D-105 | D1: 132-D-202 | E1: 132-D-302 | F1: 132-D-405 | G1: 132-D-406 | I1: 132-D-103 | K1: 132-D-401 | L1: 132-D-402 | M1: 132-D-403 | O1: 132-D-409 | P1: 132-D-410 | Q1: 132-D-411 | R1: 参考： | S1: 132-D-403 | T1: 217-V-501 | U1: 217-V-506 | V1: 131-D-110
A2: 容器名称 | B2: 热低分罐 | C2: 新氢压缩机入口分液罐 | D2: 预闪蒸罐 | E2: 低分气分液罐 | F2: 燃料气分液罐 | G2: 净化压缩空气分液罐 | I2: 冷低分罐 | J2: 0.4MPaG汽包 | K2: 低压放空罐 | L2: 地下轻污油罐 | M2: 地下重污油罐 | O2: 汽包 | P2: 汽包 | Q2: 汽包 | S2: 高压放空罐 | T2: 1.0MPaG汽包 | U2: 火炬气分液罐 | V2: 燃料气分液罐
A3: 容器形式 | B3: 立式 | C3: 立式 | D3: 立式 | E3: 立式 | F3: 立式 | G3: 立式 | I3: 卧式 | J3: 卧式 | K3: 卧式 | L3: 卧式 | M3: 卧式 | O3: 卧式 | P3: 卧式 | Q3: 卧式 | S3: 卧式 | T3: 卧式 | U3: 卧式 | V3: 立式
A4: 容器规格 | B4: =CONCATENATE("Φ",B6*1000,"×",B7*1000,"（T-T）",B3) -> Φ4600×18300（T-T）立式 | C4: =CONCATENATE("Φ",C6*1000,"×",C7*1000,"（T-T）",C3) -> Φ1400×4200（T-T）立式 | D4: =CONCATENATE("Φ",D6*1000,"×",D7*1000,"（T-T）",D3) -> Φ4000×12200（T-T）立式 | E4: =CONCATENATE("Φ",E6*1000,"×",E7*1000,"（T-T）",E3) -> Φ1000×3000（T-T）立式 | F4: =CONCATENATE("Φ",F6*1000,"×",F7*1000,"（T-T）",F3) -> Φ1400×4000（T-T）立式 | G4: =CONCATENATE("Φ",G6*1000,"×",G7*1000,"（T-T）",G3) -> Φ1400×4000（T-T）立式 | I4: =CONCATENATE("Φ",I6*1000,"×",I7*1000,"（T-T）",I3) -> Φ2000×5100（T-T）卧式 | J4: =CONCATENATE("Φ",J6*1000,"×",J7*1000,"（T-T）",J3) -> Φ2200×4000（T-T）卧式 | K4: =CONCATENATE("Φ",K6*1000,"×",K7*1000,"（T-T）",K3) -> Φ3600×8000（T-T）卧式 | L4: =CONCATENATE("Φ",L6*1000,"×",L7*1000,"（T-T）",L3) -> Φ2200×4000（T-T）卧式 | M4: =CONCATENATE("Φ",M6*1000,"×",M7*1000,"（T-T）",M3) -> Φ2200×4000（T-T）卧式 | O4: =CONCATENATE("Φ",O6*1000,"×",O7*1000,"（T-T）",O3) -> Φ2200×8250（T-T）卧式 | P4: =CONCATENATE("Φ",P6*1000,"×",P7*1000,"（T-T）",P3) -> Φ1500×4000（T-T）卧式 | Q4: =CONCATENATE("Φ",Q6*1000,"×",Q7*1000,"（T-T）",Q3) -> Φ1500×4000（T-T）卧式 | S4: =CONCATENATE("Φ",S6*1000,"×",S7*1000,"（T-T）",S3) -> Φ3600×8000（T-T）卧式 | T4: =CONCATENATE("Φ",T6*1000,"×",T7*1000,"（T-T）",T3) -> Φ2200×6000（T-T）卧式 | U4: =CONCATENATE("Φ",U6*1000,"×",U7*1000,"（T-T）",U3) -> Φ3000×8400（T-T）卧式 | V4: =CONCATENATE("Φ",V6*1000,"×",V7*1000,"（T-T）",V3) -> Φ1400×4000（T-T）立式
A5: 分水包规格 | B5: =IF(OR(B8=0,B8=""),"",CONCATENATE("Φ",B8*1000,"×",B9*1000,"（T-T）")) | C5: =IF(OR(C8=0,C8=""),"",CONCATENATE("Φ",C8*1000,"×",C9*1000,"（T-T）")) | D5: =IF(OR(D8=0,D8=""),"",CONCATENATE("Φ",D8*1000,"×",D9*1000,"（T-T）")) | E5: =IF(OR(E8=0,E8=""),"",CONCATENATE("Φ",E8*1000,"×",E9*1000,"（T-T）")) | F5: =IF(OR(F8=0,F8=""),"",CONCATENATE("Φ",F8*1000,"×",F9*1000,"（T-T）")) | G5: =IF(OR(G8=0,G8=""),"",CONCATENATE("Φ",G8*1000,"×",G9*1000,"（T-T）")) | I5: =IF(OR(I8=0,I8=""),"",CONCATENATE("Φ",I8*1000,"×",I9*1000,"（T-T）")) | K5: =IF(OR(K8=0,K8=""),"",CONCATENATE("Φ",K8*1000,"×",K9*1000,"（T-T）")) -> Φ600×1100（T-T） | L5: =IF(OR(L8=0,L8=""),"",CONCATENATE("Φ",L8*1000,"×",L9*1000,"（T-T）")) | M5: =IF(OR(M8=0,M8=""),"",CONCATENATE("Φ",M8*1000,"×",M9*1000,"（T-T）")) | O5: =IF(OR(O8=0,O8=""),"",CONCATENATE("Φ",O8*1000,"×",O9*1000,"（T-T）")) | P5: =IF(OR(P8=0,P8=""),"",CONCATENATE("Φ",P8*1000,"×",P9*1000,"（T-T）")) | Q5: =IF(OR(Q8=0,Q8=""),"",CONCATENATE("Φ",Q8*1000,"×",Q9*1000,"（T-T）")) | S5: =IF(OR(S8=0,S8=""),"",CONCATENATE("Φ",S8*1000,"×",S9*1000,"（T-T）")) -> Φ600×1100（T-T） | U5: =IF(OR(U8=0,U8=""),"",CONCATENATE("Φ",U8*1000,"×",U9*1000,"（T-T）")) | V5: =IF(OR(V8=0,V8=""),"",CONCATENATE("Φ",V8*1000,"×",V9*1000,"（T-T）"))
A6: 容器直径(m) | B6: 4.6 | C6: 1.4 | D6: 4 | E6: 1 | F6: 1.4 | G6: 1.4 | I6: 2 | J6: 2.2 | K6: 3.6 | L6: 2.2 | M6: 2.2 | O6: 2.2 | P6: 1.5 | Q6: 1.5 | S6: 3.6 | T6: 2.2 | U6: 3 | V6: 1.4
A7: 容器切线长度(m) | B7: 18.3 | C7: 4.2 | D7: 12.2 | E7: 3 | F7: 4 | G7: 4 | I7: 5.1 | J7: 4 | K7: 8 | L7: 4 | M7: 4 | O7: 8.25 | P7: 4 | Q7: 4 | S7: 8 | T7: 6 | U7: 8.4 | V7: 4
A8: 分水包直径(m) | K8: 0.6 | S8: 0.6
A9: 分水包长度(m) | K9: 1.1 | S9: 1.1
A10: 容器容积，m3 | B10: =0.785*B6*B6*B7+3.14/24*2*B6^3 -> 329.44357 | C10: =0.785*C6*C6*C7+3.14/24*2*C6^3 -> 7.1801333 | D10: =0.785*D6*D6*D7+3.14/24*2*D6^3 -> 169.97867 | E10: =0.785*E6*E6*E7+3.14/24*2*E6^3 -> 2.6166667 | F10: =0.785*F6*F6*F7+3.14/24*2*F6^3 -> 6.8724133 | G10: =0.785*G6*G6*G7+3.14/24*2*G6^3 -> 6.8724133 | I10: =0.785*I6*I6*I7+2*3.14/24*I6^3 -> 18.107333 | K10: =0.785*K6*K6*K7+3.14/24*2*K6^3 -> 93.59712 | L10: =0.785*L6*L6*L7+3.14/24*2*L6^3 -> 17.983827 | M10: =0.785*M6*M6*M7+3.14/24*2*M6^3 -> 17.983827 | O10: =0.785*O6*O6*O7+3.14/24*2*O6^3 -> 34.131277 | P10: =0.785*P6*P6*P7+3.14/24*2*P6^3 -> 7.948125 | Q10: =0.785*Q6*Q6*Q7+3.14/24*2*Q6^3 -> 7.948125 | S10: =0.785*S6*S6*S7+3.14/24*2*S6^3 -> 93.59712 | U10: =0.785*U6*U6*U7+3.14/24*2*U6^3 -> 66.411 | V10: =0.785*V6*V6*V7+3.14/24*2*V6^3 -> 6.8724133
A11: 介质 | B11: 油气, H2,H2S | C11: H2、C1 | D11: 汽提塔底油 | E11: 低分气、富胺液 | F11: 燃料气 | G11: 空气 | I11: 油气, H2,H2S | J11: 蒸汽，除氧水 | K11: 油气, H2,H2S | L11: 污油 | M11: 污油 | O11: 蒸汽、水 | P11: 蒸汽、水 | Q11: 蒸汽、水 | S11: 油气, H2,H2S | T11: 蒸汽，除氧水 | U11: 火炬气 | V11: 燃料气
A12: 温度(℃) | B12: 285 | C12: =物流参数!BA4 -> 491.5 | D12: 335 | E12: 56 | F12: 40 | G12: 40 | I12: 40 | J12: 152 | K12: 60 | L12: 60 | M12: 60 | O12: 199 | P12: 199 | Q12: 168 | S12: 60 | T12: 188 | U12: 150 | V12: =项目信息!B55 -> 常温
A13: 正常操作压力(MPaG) | B13: 2.99 | C13: 2.4 | D13: 0.2 | E13: 2.78 | F13: 0.5 | G13: 0.7 | I13: 2.81 | J13: 0.4 | K13: 0.1 | L13: 0.1 | M13: 0.1 | O13: 1.43 | P13: 1.43 | Q13: 0.66 | S13: 0.4 | T13: 1 | U13: 0.06 | V13: =项目信息!B54 -> 0.5
A14: 最高操作压力(MPaG) | F14: 0.6 | G14: 0.8 | J14: 0.5 | T14: 1.3 | U14: 0.3 | V14: 0.6
A15: 操作条件下气体产品流量(kg/h) | B15: 12588 | C15: 4045 | D15: 7799 | E15: 6068 | F15: 1708.9 | G15: =700/22.4*29.2 -> 912.5 | I15: 11805 | J15: 3461 | K15: 15000 | L15: 10000 | M15: 10000 | O15: 26881 | P15: 4018 | Q15: 5215 | S15: 15000 | T15: =SUM(物流参数!CK7:CN7) -> -11205.44 | U15: ='安全阀选型(基础设计)'!V39 -> 0 | V15: 2450
A16: 操作条件下液体产品流量(kg/h) | B16: 300044 | C16: =C15*0.01 -> 40.45 | D16: 293018 | E16: 2 | F16: =F15*0.01 -> 17.089 | G16: =G15*0.01 -> 9.125 | I16: 15912 | J16: =J15/15*85 -> 19612.333 | K16: 10000 | L16: 20000 | M16: 20000 | O16: =O15*19 -> 510739 | P16: =P15*19 -> 76342 | Q16: =Q15*19 -> 99085 | S16: 15000 | T16: =T15 -> -11205.44 | U16: =U15*0.01 -> 0 | V16: =V15*0.01 -> 24.5
A17: 介质最大流量系数 | B17: 1.1 | C17: 1.3 | D17: 1.1 | E17: 1.1 | F17: 1.3 | G17: 1.3 | I17: 1.1 | J17: 1.3 | K17: 1.1 | L17: 1.1 | M17: 1.1 | O17: 1.1 | P17: 1.1 | Q17: 1.1 | S17: 1.1 | T17: 1.3 | U17: 1 | V17: 1.3
A18: 最大气体产品流量(kg/h) | B18: =B15*B$17 -> 13846.8 | C18: =C15*C$17 -> 5258.5 | D18: =D15*D$17 -> 8578.9 | E18: =E15*E$17 -> 6674.8 | F18: =F15*F$17 -> 2221.57 | G18: =G15*G$17 -> 1186.25 | I18: =I15*I$17 -> 12985.5 | J18: =J15*J$17 -> 4499.3 | K18: =K15*K$17 -> 16500 | L18: =L15*L$17 -> 11000 | M18: =M15*M$17 -> 11000 | O18: =O15*O$17 -> 29569.1 | P18: =P15*P$17 -> 4419.8 | Q18: =Q15*Q$17 -> 5736.5 | S18: =S15*S$17 -> 16500 | T18: =T15*T$17 -> -14567.072 | U18: =U15*U$17 -> 0 | V18: =V15*V$17 -> 3185
A19: 最大液体产品流量(kg/h) | B19: =B16*B$17 -> 330048.4 | C19: =C16*C$17 -> 52.585 | D19: =D16*D$17 -> 322319.8 | E19: =E16*E$17 -> 2.2 | F19: =F16*F$17 -> 22.2157 | G19: =G16*G$17 -> 11.8625 | I19: =I16*I$17 -> 17503.2 | J19: =J16*J$17 -> 25496.033 | K19: =K16*K$17 -> 11000 | L19: =L16*L$17 -> 22000 | M19: =M16*M$17 -> 22000 | O19: =O16*O$17 -> 561812.9 | P19: =P16*P$17 -> 83976.2 | Q19: =Q16*Q$17 -> 108993.5 | S19: =S16*S$17 -> 16500 | T19: =T16*T$17 -> -14567.072 | U19: =U16*U$17 -> 0 | V19: =V16*V$17 -> 31.85
A20: 操作条件下的气体密度(kg/m3) | B20: 17.4 | C20: 1.9 | D20: 6.2 | E20: 9.2 | F20: 3.6 | G20: 3.6 | I20: 15.5 | J20: 2.63 | K20: 15.5 | L20: 15.5 | M20: 15.5 | O20: 7.7408 | P20: 7.7408 | Q20: 3.9091 | S20: 15.5 | T20: =物流参数!CK10 -> 244.03 | U20: 3.6 | V20: 3.6
A21: 操作条件下的液体密度(kg/m3) | B21: 658.3 | C21: 510 | D21: 632.8 | E21: 984.4 | F21: 600 | G21: 998 | I21: =(11307+4605)/(11307/974.3+4605/496.2) -> 761.85781 | J21: 902 | K21: 800 | L21: 800 | M21: 850 | O21: 865.34 | P21: 865.34 | Q21: 899.38 | S21: 976.8 | T21: 866.3 | U21: 870 | V21: =J21 -> 902
A22: 操作条件下气体产品流率(m3/s) | B22: =B18/B20/3600 -> 0.22105364 | C22: =C18/C20/3600 -> 0.76878655 | D22: =D18/D20/3600 -> 0.38435932 | E22: =E18/E20/3600 -> 0.20153382 | F22: =F18/F20/3600 -> 0.17141744 | G22: =G18/G20/3600 -> 0.091531636 | I22: =I18/I20/3600 -> 0.23271505 | J22: =J18/J20/3600 -> 0.47521124 | K22: =K18/K20/3600 -> 0.29569892 | L22: =L18/L20/3600 -> 0.19713262 | M22: =M18/M20/3600 -> 0.19713262 | O22: =O18/O20/3600 -> 1.061084 | P22: =P18/P20/3600 -> 0.15860405 | Q22: =Q18/Q20/3600 -> 0.40763148 | S22: =S18/S20/3600 -> 0.29569892 | T22: =T18/T20/3600 -> -0.016581604 | U22: =U18/U20/3600 -> 0 | V22: =V18/V20/3600 -> 0.24575617
A23: 操作条件下的液体产品流率(m3/s) | B23: =B19/B21/3600 -> 0.13926798 | C23: =C19/C21/3600 -> 2.8641068e-05 | D23: =D19/D21/3600 -> 0.14148748 | E23: =E19/E21/3600 -> 6.2079552e-07 | F23: =F19/F21/3600 -> 1.0285046e-05 | G23: =G19/G21/3600 -> 3.3017424e-06 | I23: =I19/I21/3600 -> 0.0063817683 | J23: =J19/J21/3600 -> 0.0078516979 | K23: =K19/K21/3600 -> 0.0038194444 | L23: =L19/L21/3600 -> 0.0076388889 | M23: =M19/M21/3600 -> 0.0071895425 | O23: =O19/O21/3600 -> 0.1803443 | P23: =P19/P21/3600 -> 0.026956713 | Q23: =Q19/Q21/3600 -> 0.033663159 | S23: =S19/S21/3600 -> 0.0046921922 | T23: =T19/T21/3600 -> -0.0046709095 | U23: =U19/U21/3600 -> 0 | V23: =V19/V21/3600 -> 9.8084504e-06
A24: 气体在容器的气体空间的临界速度uc(m/s) | B24: =0.048*SQRT((B21-B20)/B20) -> 0.29131426 | C24: =0.048*SQRT((C21-C20)/C20) -> 0.78494465 | D24: =0.048*SQRT((D21-D20)/D20) -> 0.48254808 | E24: =0.048*SQRT((E21-E20)/E20) -> 0.49419025 | F24: =0.048*SQRT((F21-F20)/F20) -> 0.61781551 | G24: =0.048*SQRT((G21-G20)/G20) -> 0.79775686 | I24: =0.048*SQRT((I21-I20)/I20) -> 0.33308029 | J24: =0.048*SQRT((J21-J20)/J20) -> 0.8876312 | K24: =0.048*SQRT((K21-K20)/K20) -> 0.34148518 | L24: =0.048*SQRT((L21-L20)/L20) -> 0.34148518 | M24: =0.048*SQRT((M21-M20)/M20) -> 0.35219936 | O24: =0.048*SQRT((O21-O20)/O20) -> 0.50523159 | P24: =0.048*SQRT((P21-P20)/P20) -> 0.50523159 | Q24: =0.048*SQRT((Q21-Q20)/Q20) -> 0.72648824 | S24: =0.048*SQRT((S21-S20)/S20) -> 0.37801137 | T24: =0.048*SQRT((T21-T20)/T20) -> 0.076649453 | U24: =0.048*SQRT((U21-U20)/U20) -> 0.74464488 | V24: =0.048*SQRT((V21-V20)/V20) -> 0.75827172
A25: 是否允许有一定液沫夹带？ | B25: 否 | C25: 否 | D25: 否 | E25: 否 | F25: 否 | G25: 否 | I25: 否 | J25: 否 | K25: 否 | L25: 否 | M25: 否 | O25: 否 | P25: 否 | Q25: 否 | S25: 否 | T25: 否 | U25: 是 | V25: 否
A26: 是否安装破沫网？ | B26: 否 | C26: 否 | D26: 否 | E26: 否 | F26: 否 | G26: 否 | I26: 否 | J26: 否 | K26: 否 | L26: 否 | M26: 否 | O26: 是 | P26: 是 | Q26: 是 | S26: 否 | T26: 否 | U26: 否 | V26: 否
A27: 气体允许速度uo(m/s) | B27: =IF(B26="是",B24,(IF(B25="是",B24*1.7,B24*0.8))) -> 0.23305141 | C27: =IF(C26="是",C24,(IF(C25="是",C24*1.7,C24*0.8))) -> 0.62795572 | D27: =IF(D26="是",D24,(IF(D25="是",D24*1.7,D24*0.8))) -> 0.38603846 | E27: =IF(E26="是",E24,(IF(E25="是",E24*1.7,E24*0.8))) -> 0.3953522 | F27: =IF(F26="是",F24,(IF(F25="是",F24*1.7,F24*0.8))) -> 0.49425241 | G27: =IF(G26="是",G24,(IF(G25="是",G24*1.7,G24*0.8))) -> 0.63820548 | I27: =IF(I26="是",I24,(IF(I25="是",I24*1.7,I24*0.8))) -> 0.26646423 | J27: =IF(J26="是",J24,(IF(J25="是",J24*1.7,J24*0.8))) -> 0.71010496 | K27: =IF(K26="是",K24,(IF(K25="是",K24*1.7,K24*0.8))) -> 0.27318815 | L27: =IF(L26="是",L24,(IF(L25="是",L24*1.7,L24*0.8))) -> 0.27318815 | M27: =IF(M26="是",M24,(IF(M25="是",M24*1.7,M24*0.8))) -> 0.28175949 | O27: =IF(O26="是",O24,(IF(O25="是",O24*1.7,O24*0.8))) -> 0.50523159 | P27: =IF(P26="是",P24,(IF(P25="是",P24*1.7,P24*0.8))) -> 0.50523159 | Q27: =IF(Q26="是",Q24,(IF(Q25="是",Q24*1.7,Q24*0.8))) -> 0.72648824 | S27: =IF(S26="是",S24,(IF(S25="是",S24*1.7,S24*0.8))) -> 0.30240909 | T27: =IF(T26="是",T24,(IF(T25="是",T24*1.7,T24*0.8))) -> 0.061319562 | U27: =IF(U26="是",U24,(IF(U25="是",U24*1.7,U24*0.8))) -> 1.2658963 | V27: =IF(V26="是",V24,(IF(V25="是",V24*1.7,V24*0.8))) -> 0.60661738
A28: 结构系数 | B28: =IF(B3="立式",1,0.3) -> 1 | C28: =IF(C3="立式",1,0.3) -> 1 | D28: =IF(D3="立式",1,0.3) -> 1 | E28: =IF(E3="立式",1,0.3) -> 1 | F28: =IF(F3="立式",1,0.3) -> 1 | G28: =IF(G3="立式",1,0.3) -> 1 | I28: =IF(I3="立式",1,0.49) -> 0.49 | J28: 0.3 | K28: 0.5 | L28: 0.5 | M28: 0.5 | O28: 0.5 | P28: 0.5 | Q28: 0.5 | S28: =IF(S3="立式",1,0.49) -> 0.49 | T28: 0.5 | U28: 0.8 | V28: =IF(V3="立式",1,0.3) -> 1
A29: 气相空间截面积（m2） | B29: =0.785*B6^2*B28 -> 16.6106 | C29: =0.785*C6^2*C28 -> 1.5386 | D29: =0.785*D6^2*D28 -> 12.56 | E29: =0.785*E6^2*E28 -> 0.785 | F29: =0.785*F6^2*F28 -> 1.5386 | G29: =0.785*G6^2*G28 -> 1.5386 | I29: =0.785*I6^2*I28 -> 1.5386 | J29: =0.785*J6^2*J28 -> 1.13982 | K29: =0.785*K6^2*K28 -> 5.0868 | L29: =0.785*L6^2*L28 -> 1.8997 | M29: =0.785*M6^2*M28 -> 1.8997 | O29: =0.785*O6^2*O28 -> 1.8997 | P29: =0.785*P6^2*P28 -> 0.883125 | Q29: =0.785*Q6^2*Q28 -> 0.883125 | S29: =0.785*S6^2*S28 -> 4.985064 | T29: =0.785*T6^2*T28 -> 1.8997 | U29: =0.785*U6^2*U28 -> 5.652 | V29: =0.785*V6^2*V28 -> 1.5386
A30: 实际气体流速(m/s) | B30: =B22/B29 -> 0.013307986 | C30: =C22/C29 -> 0.49966629 | D30: =D22/D29 -> 0.030601857 | E30: =E22/E29 -> 0.25673098 | F30: =F22/F29 -> 0.11141131 | G30: =G22/G29 -> 0.059490209 | I30: =I22/I29 -> 0.15125117 | J30: =J22/J29 -> 0.41691779 | K30: =K22/K29 -> 0.058130637 | L30: =L22/L29 -> 0.10377039 | M30: =M22/M29 -> 0.10377039 | O30: =O22/O29 -> 0.55855345 | P30: =P22/P29 -> 0.17959411 | Q30: =Q22/Q29 -> 0.46157846 | S30: =S22/S29 -> 0.059316977 | T30: =T22/T29 -> -0.0087285383 | U30: =U22/U29 -> 0 | V30: =V22/V29 -> 0.15972714
A31: 气体流速是否合适 | B31: =IF(B30<B27,"是","否") -> 是 | C31: =IF(C30<C27,"是","否") -> 是 | D31: =IF(D30<D27,"是","否") -> 是 | E31: =IF(E30<E27,"是","否") -> 是 | F31: =IF(F30<F27,"是","否") -> 是 | G31: =IF(G30<G27,"是","否") -> 是 | I31: =IF(I30<I27,"是","否") -> 是 | J31: =IF(J30<J27,"是","否") -> 是 | K31: =IF(K30<K27,"是","否") -> 是 | L31: =IF(L30<L27,"是","否") -> 是 | M31: =IF(M30<M27,"是","否") -> 是 | O31: =IF(O30<O27,"是","否") -> 否 | P31: =IF(P30<P27,"是","否") -> 是 | Q31: =IF(Q30<Q27,"是","否") -> 是 | S31: =IF(S30<S27,"是","否") -> 是 | T31: =IF(T30<T27,"是","否") -> 是 | U31: =IF(U30<U27,"是","否") -> 是 | V31: =IF(V30<V27,"是","否") -> 是
A32: 气体空间高度(m) | B32: =B7-B33 -> 10.5 | C32: =C7-C33 -> 3.6 | D32: =IF(D3="立式",MAX(1.5,1.2*D6),MAX(0.3,0.25*D6)) -> 4.8 | E32: =IF(E3="立式",MAX(1.5,1.2*E6),MAX(0.3,0.25*E6)) -> 1.5 | F32: =F7-F33 -> 3.25 | G32: =G7-G33 -> 3.25 | I32: =I6-I33 -> 0.9 | J32: =IF(J3="立式",MAX(1.5,1.2*J6),MAX(0.3,0.25*J6)) -> 0.55 | K32: =K28*K6 -> 1.8 | L32: 1.1 | M32: 1.1 | O32: 1.1 | P32: 1.1 | Q32: 1.1 | S32: =IF(S3="立式",MAX(1.5,1.2*S6),MAX(0.3,0.25*S6)) -> 0.9 | T32: =IF(T3="立式",MAX(1.5,1.2*T6),MAX(0.3,0.25*T6)) -> 0.55 | U32: =IF(U3="立式",MAX(1.5,1.2*U6),MAX(0.3,0.25*U6)) -> 0.75 | V32: =IF(V3="立式",MAX(1.5,1.2*V6),MAX(0.3,0.25*V6)) -> 1.68
A33: 液体空间高度(m) | B33: 7.8 | C33: 0.6 | D33: =IF(D3="立式",D7-D32,D6-D32) -> 7.4 | E33: =IF(E3="立式",E7-E32,E6-E32) -> 1.5 | F33: 0.75 | G33: 0.75 | I33: 1.1 | J33: =IF(J3="立式",J7-J32,J6-J32) -> 1.65 | K33: =IF(K3="立式",K7-K32,K6-K32) -> 1.8 | L33: =IF(L3="立式",L7-L32,L6-L32) -> 1.1 | M33: =IF(M3="立式",M7-M32,M6-M32) -> 1.1 | O33: =IF(O3="立式",O7-O32,O6-O32) -> 1.1 | P33: =IF(P3="立式",P7-P32,P6-P32) -> 0.4 | Q33: =IF(Q3="立式",Q7-Q32,Q6-Q32) -> 0.4 | S33: =IF(S3="立式",S7-S32,S6-S32) -> 2.7 | T33: =IF(T3="立式",T7-T32,T6-T32) -> 1.65 | U33: =IF(U3="立式",U7-U32,U6-U32) -> 2.25 | V33: =IF(V3="立式",V7-V32,V6-V32) -> 2.32
A34: 液体空间容积（m3） | B34: =IF(B3="立式",0.785*B6^2*B33,0.785*B6^2*(1-B28)*B7) -> 129.56268 | C34: =IF(C3="立式",0.785*C6^2*C33,0.785*C6^2*(1-C28)*C7) -> 0.92316 | D34: =IF(D3="立式",0.785*D6^2*D33,0.785*D6^2*(1-D28)*D7) -> 92.944 | E34: =IF(E3="立式",0.785*E6^2*E33,0.785*E6^2*(1-E28)*E7) -> 1.1775 | F34: =IF(F3="立式",0.785*F6^2*F33,0.785*F6^2*(1-F28)*F7) -> 1.15395 | G34: =IF(G3="立式",0.785*G6^2*G33,0.785*G6^2*(1-G28)*G7) -> 1.15395 | I34: =IF(I3="立式",0.785*I6^2*I33,0.785*I6^2*(1-I28)*I7) -> 8.16714 | J34: =IF(J3="立式",0.785*J6^2*J33,0.785*J6^2*(1-J28)*J7) -> 10.63832 | K34: =IF(K3="立式",0.785*K6^2*K33,0.785*K6^2*(1-K28)*K7) -> 40.6944 | L34: =IF(L3="立式",0.785*L6^2*L33,0.785*L6^2*(1-L28)*L7) -> 7.5988 | M34: =IF(M3="立式",0.785*M6^2*M33,0.785*M6^2*(1-M28)*M7) -> 7.5988 | O34: =IF(O3="立式",0.785*O6^2*O33,0.785*O6^2*(1-O28)*O7) -> 15.672525 | P34: =IF(P3="立式",0.785*P6^2*P33,0.785*P6^2*(1-P28)*P7) -> 3.5325 | Q34: =IF(Q3="立式",0.785*Q6^2*Q33,0.785*Q6^2*(1-Q28)*Q7) -> 3.5325 | S34: =IF(S3="立式",0.785*S6^2*S33,0.785*S6^2*(1-S28)*S7) -> 41.508288 | T34: =IF(T3="立式",0.785*T6^2*T33,0.785*T6^2*(1-T28)*T7) -> 11.3982 | U34: =IF(U3="立式",0.785*U6^2*U33,0.785*U6^2*(1-U28)*U7) -> 11.8692 | V34: =IF(V3="立式",0.785*V6^2*V33,0.785*V6^2*(1-V28)*V7) -> 3.569552
A35: 塔顶油品去向 | B35: 下一工序 | C35: 下一工序 | D35: 下一工序 | E35: 下一工序 | F35: 下一工序 | G35: 下一工序 | I35: 下一工序 | J35: 下一工序 | K35: 下一工序 | L35: 下一工序 | M35: 下一工序 | O35: 下一工序 | P35: 下一工序 | Q35: 下一工序 | S35: 下一工序 | T35: 下一工序 | U35: 下一工序 | V35: 下一工序
A36: 液体产品停留时间(min) | B36: =IF(B23<>0,B34/B23/60,"") -> 15.505201 | C36: =IF(C23<>0,C34/C23/60,"") -> 537.20065 | D36: =IF(D23<>0,D34/D23/60,"") -> 10.948436 | E36: =IF(E23<>0,E34/E23/60,"") -> 31612.664 | F36: =IF(F23<>0,F34/F23/60,"") -> 1869.9478 | G36: =IF(G23<>0,G34/G23/60,"") -> 5824.9548 | I36: =IF(I23<>0,I34/I23/60,"") -> 21.329355 | J36: =IF(J23<>0,J34/J23/60,"") -> 22.581782 | K36: =IF(K23<>0,K34/K23/60,"") -> 177.57556 | L36: =IF(L23<>0,L34/L23/60,"") -> 16.5792 | M36: =IF(M23<>0,M34/M23/60,"") -> 17.6154 | O36: =IF(O23<>0,O34/O23/60,"") -> 1.4483893 | P36: =IF(P23<>0,P34/P23/60,"") -> 2.1840571 | Q36: =IF(Q23<>0,Q34/Q23/60,"") -> 1.7489446 | S36: =IF(S23<>0,S34/S23/60,"") -> 147.43744 | T36: =IF(T23<>0,T34/T23/60,"") -> -40.67088 | U36: =IF(U23<>0,U34/U23/60,"") | V36: =IF(V23<>0,V34/V23/60,"") -> 6065.4366
A37: 液体的停留时间是否合适 | B37: =IF(OR(AND(B35="储罐",B36>3),AND(B35="下一工序",B36>15),B35="其他装置进料"),"是","否") -> 是 | C37: =IF(OR(AND(C35="储罐",C36>3),AND(C35="下一工序",C36>15),C35="其他装置进料"),"是","否") -> 是 | D37: =IF(OR(AND(D35="储罐",D36>3),AND(D35="下一工序",D36>10),D35="其他装置进料"),"是","否") -> 是 | E37: =IF(OR(AND(E35="储罐",E36>3),AND(E35="下一工序",E36>15),E35="其他装置进料"),"是","否") -> 是 | F37: =IF(OR(AND(F35="储罐",F36>3),AND(F35="下一工序",F36>15),F35="其他装置进料"),"是","否") -> 是 | G37: =IF(OR(AND(G35="储罐",G36>3),AND(G35="下一工序",G36>15),G35="其他装置进料"),"是","否") -> 是 | I37: =IF(OR(AND(I35="储罐",I36>3),AND(I35="下一工序",I36>15),I35="其他装置进料"),"是","否") -> 是 | J37: =IF(OR(AND(J35="储罐",J36>3),AND(J35="下一工序",J36>15),J35="其他装置进料"),"是","否") -> 是 | K37: =IF(OR(AND(K35="储罐",K36>3),AND(K35="下一工序",K36>15),K35="其他装置进料"),"是","否") -> 是 | L37: =IF(OR(AND(L35="储罐",L36>3),AND(L35="下一工序",L36>15),L35="其他装置进料"),"是","否") -> 是 | M37: =IF(OR(AND(M35="储罐",M36>3),AND(M35="下一工序",M36>15),M35="其他装置进料"),"是","否") -> 是 | O37: =IF(OR(AND(O35="储罐",O36>3),AND(O35="下一工序",O36>15),O35="其他装置进料"),"是","否") -> 否 | P37: =IF(OR(AND(P35="储罐",P36>3),AND(P35="下一工序",P36>15),P35="其他装置进料"),"是","否") -> 否 | Q37: =IF(OR(AND(Q35="储罐",Q36>3),AND(Q35="下一工序",Q36>15),Q35="其他装置进料"),"是","否") -> 否 | S37: =IF(OR(AND(S35="储罐",S36>3),AND(S35="下一工序",S36>15),S35="其他装置进料"),"是","否") -> 是 | T37: =IF(OR(AND(T35="储罐",T36>3),AND(T35="下一工序",T36>15),T35="其他装置进料"),"是","否") -> 否 | U37: =IF(OR(AND(U35="储罐",U36>3),AND(U35="下一工序",U36>15),U35="其他装置进料"),"是","否") -> 是 | V37: =IF(OR(AND(V35="储罐",V36>3),AND(V35="下一工序",V36>15),V35="其他装置进料"),"是","否") -> 是
A38: 核算检查 | B38: =IF(OR(B31="否",B37="否"),"核算未通过","核算通过") -> 核算通过 | C38: =IF(OR(C31="否",C37="否"),"核算未通过","核算通过") -> 核算通过 | D38: =IF(OR(D31="否",D37="否"),"核算未通过","核算通过") -> 核算通过 | E38: =IF(OR(E31="否",E37="否"),"核算未通过","核算通过") -> 核算通过 | F38: =IF(OR(F31="否",F37="否"),"核算未通过","核算通过") -> 核算通过 | G38: =IF(OR(G31="否",G37="否"),"核算未通过","核算通过") -> 核算通过 | I38: =IF(OR(I31="否",I37="否"),"核算未通过","核算通过") -> 核算通过 | J38: =IF(OR(J31="否",J37="否"),"核算未通过","核算通过") -> 核算通过 | K38: =IF(OR(K31="否",K37="否"),"核算未通过","核算通过") -> 核算通过 | L38: =IF(OR(L31="否",L37="否"),"核算未通过","核算通过") -> 核算通过 | M38: =IF(OR(M31="否",M37="否"),"核算未通过","核算通过") -> 核算通过 | O38: =IF(OR(O31="否",O37="否"),"核算未通过","核算通过") -> 核算未通过 | P38: =IF(OR(P31="否",P37="否"),"核算未通过","核算通过") -> 核算未通过 | Q38: =IF(OR(Q31="否",Q37="否"),"核算未通过","核算通过") -> 核算未通过 | S38: =IF(OR(S31="否",S37="否"),"核算未通过","核算通过") -> 核算通过 | T38: =IF(OR(T31="否",T37="否"),"核算未通过","核算通过") -> 核算未通过 | U38: =IF(OR(U31="否",U37="否"),"核算未通过","核算通过") -> 核算通过 | V38: =IF(OR(V31="否",V37="否"),"核算未通过","核算通过") -> 核算通过
A39: 备注
A40: 长径比 | B40: =B7/B6 -> 3.9782609 | C40: =C7/C6 -> 3 | D40: =D7/D6 -> 3.05 | E40: =E7/E6 -> 3 | F40: =F7/F6 -> 2.8571429 | G40: =G7/G6 -> 2.8571429 | I40: =I7/I6 -> 2.55 | J40: =J7/J6 -> 1.8181818 | K40: =K7/K6 -> 2.2222222 | L40: =L7/L6 -> 1.8181818 | M40: =M7/M6 -> 1.8181818 | O40: =O7/O6 -> 3.75 | P40: =P7/P6 -> 2.6666667 | Q40: =Q7/Q6 -> 2.6666667 | S40: =S7/S6 -> 2.2222222 | T40: =T7/T6 -> 2.7272727 | U40: =U7/U6 -> 2.8 | V40: =V7/V6 -> 2.8571429
H41: 核算油水分离时间,min | I41: =0.785*I6^2*0.32*(5.1-1.8)/(4605/496.2+11307/947.3)/1.1*60 -> 8.5246616
A43: 气相H2S分压(MPaA)
A44: 气相H2分压(MPaA)
A45: 液相H2S浓度(wt%)
A47: 液体流速（m/s）
A49: 总容积（m3）
A50: 装满系数 | B50: =B33/B7 -> 0.42622951 | C50: =C33/C7 -> 0.14285714 | D50: =D33/D7 -> 0.60655738 | E50: =E33/E7 -> 0.5 | F50: =F33/F7 -> 0.1875 | G50: =G33/G7 -> 0.1875 | I50: =1-I28 -> 0.51 | K50: =1-K28 -> 0.5 | L50: =1-L28 -> 0.5 | M50: =1-M28 -> 0.5 | O50: =1-O28 -> 0.5 | P50: =1-P28 -> 0.5 | Q50: =1-Q28 -> 0.5 | S50: =1-S28 -> 0.51
A52: 操作介质重（kg） | B52: =(B50*0.785*B6*B6*B7+3.14/24*B6*B6*B6)*B21 -> 93674.427 | C52: =(C50*0.785*C6*C6*C7+3.14/24*C6*C6*C6)*C21 -> 653.905 | D52: =(D50*0.785*D6*D6*D7+3.14/24*D6*D6*D6)*D21 -> 64113.609 | E52: =(E50*0.785*E6*E6*E7+3.14/24*E6*E6*E6)*E21 -> 1287.9233 | F52: =(F50*0.785*F6*F6*F7+3.14/24*F6*F6*F6)*F21 -> 907.774 | G52: =(G50*0.785*G6*G6*G7+3.14/24*G6*G6*G6)*G21 -> 1509.9308 | I52: =I50*I10*I21 -> 7035.5588 | K52: =K50*K10*K21 -> 37438.848 | L52: =L50*L10*L21 -> 7193.5307 | M52: =M50*M10*M21 -> 7643.1263 | O52: =O50*O10*O21 -> 14767.579 | P52: =P50*P10*P21 -> 3438.9152 | Q52: =Q50*Q10*Q21 -> 3574.1923 | S52: =S50*S10*S21 -> 46627.09
A56: 操作条件下水流率(kg/h，指分水包)
A57: 介质最大流量系数
A58: 最大水流率(kg/h，指分水包)
A59: 分水斗中水的停留时间(min)
A60: 分水斗中水的最小停留时间(min)
A61: 分水斗中水的停留时间是否合适

Sheet 卧式回流罐核算
A1: 容器编号 | B1: 132-D-201 | C1: 132-D-203
A2: 容器名称 | B2: 汽提塔顶回流罐 | C2: 分馏塔顶回流罐
A3: 容器形式 | B3: 卧式 | C3: 卧式
A4: 容器规格 | B4: =CONCATENATE("Φ",B5*1000,"×",B6*1000,"（T-T）",B3) -> Φ2200×3500（T-T）卧式 | C4: =CONCATENATE("Φ",C5*1000,"×",C6*1000,"（T-T）",C3) -> Φ3000×5100（T-T）卧式
A5: 容器直径(m) | B5: 2.2 | C5: 3
A6: 容器切线长度(m) | B6: 3.5 | C6: 5.1
A7: 分水包规格 | B7: =CONCATENATE("Φ",B8*1000,"×",B9*1000,"（T-T）") -> Φ1100×2200（T-T） | C7: =CONCATENATE("Φ",C8*1000,"×",C9*1000,"（T-T）") -> Φ1400×2800（T-T）
A8: 分水包直径(m) | B8: 1.1 | C8: 1.4
A9: 分水包长度(m) | B9: 2.2 | C9: 2.8
A10: 介质 | B10: 不凝气，粗石脑油 | C10: 石脑油
A11: 温度(℃) | B11: 40 | C11: 40
A12: 正常操作压力(MPaG) | B12: 1.06 | C12: 0.04
A13: 最高操作压力(MPaG) | B13: 1.2 | C13: 0.4
A14: 操作条件下气体产品流量(kg/h) | B14: 3130 | C14: 500
A15: 操作条件下液体产品流量(kg/h) | B15: 15182 | C15: 54907
A16: 操作条件下回流流量(kg/h) | B16: 7350 | C16: 50827
A17: 操作条件下水流率(kg/h，指分水包) | B17: 4762 | C17: 9911
A18: 介质最大流量系数 | B18: 1.2 | C18: 1.2
A19: 最大气体产品流量(kg/h) | B19: =B14*B18 -> 3756 | C19: =C14*C18 -> 600
A20: 最大液体产品流量(kg/h) | B20: =B15*B18 -> 18218.4 | C20: =C15*C18 -> 65888.4
A21: 最大回流流量(kg/h) | B21: =B16*B18 -> 8820 | C21: =C16*C18 -> 60992.4
A22: 最大水流率(kg/h，指分水包) | B22: =B17*$B$18 -> 5714.4 | C22: =C17*$B$18 -> 11893.2
A23: 操作条件下的气体密度(kg/m3) | B23: 12.1 | C23: 12.1
A24: 操作条件下的液体密度(kg/m3) | B24: 683.8 | C24: 662.9
A25: 操作条件下气体产品流率(m3/s) | B25: =B19/B23/3600 -> 0.086225895 | C25: =C19/C23/3600 -> 0.013774105
A26: 操作条件下的液体产品流率(m3/s) | B26: =B20/B24/3600 -> 0.0074007995 | C26: =C20/C24/3600 -> 0.027609494
A27: 操作条件下回流流率(m3/s) | B27: =B21/B24/3600 -> 0.003582919 | C27: =C21/C24/3600 -> 0.025557902
A28: 气体在容器的气体空间的临界速度uc(m/s) | B28: =0.048*SQRT((B24-B23)/B23) -> 0.35763188 | C28: =0.048*SQRT((C24-C23)/C23) -> 0.35202404
A29: 是否允许有一定液沫夹带？ | B29: 否 | C29: 否
A30: 是否安装破沫网？ | B30: 否 | C30: 否
A31: 气体允许速度uo(m/s) | B31: =IF(B30="是",B28,(IF(B29="是",B28*1.7,B28*0.8))) -> 0.2861055 | C31: =IF(C30="是",C28,(IF(C29="是",C28*1.7,C28*0.8))) -> 0.28161923
A32: 结构系数 | B32: 0.4 | C32: 0.3
A33: 气相空间截面积（m2） | B33: =0.785*B5^2*B32 -> 1.51976 | C33: =0.785*C5^2*C32 -> 2.1195
A34: 实际气体流速(m/s) | B34: =B25/B33 -> 0.056736521 | C34: =C25/C33 -> 0.0064987519
A35: 气体流速是否合适 | B35: =IF(B34<B31,"是","否") -> 是 | C35: =IF(C34<C31,"是","否") -> 是
A36: 液体空间截面积（m2） | B36: =0.785*B5^2*(1-B32) -> 2.27964 | C36: =0.785*C5^2*(1-C32) -> 4.9455
A37: 塔顶油品去向 | B37: 下一工序 | C37: 下一工序
A38: 液体产品停留时间(min) | B38: =IF(B26<>0,B36*B6/B26/60,"") -> 17.968194 | C38: =IF(C26<>0,C36*C6/C26/60,"") -> 15.225469
A39: 回流停留时间(min) | B39: =B36*B6/B27/60 -> 37.11471 | C39: =C36*C6/C27/60 -> 16.447653
A40: 最小停留时间要求 | B40: =IF(B37="储罐","液体产品3min或回流5min",IF(B37="下一工序","液体产品15min或回流5min",20)) -> 液体产品15min或回流5min | C40: =IF(C37="储罐","液体产品3min或回流5min",IF(C37="下一工序","液体产品15min或回流5min",20)) -> 液体产品15min或回流5min
A41: 液体的停留时间是否合适 | B41: =IF(OR(AND(B37="储罐",B38>3,B39>5),AND(B37="下一工序",B38>15,B39>5),AND(B37="其他装置进料",B36*B6/(B27+B22)/60>20)),"是","否") -> 是 | C41: =IF(OR(AND(C37="储罐",C38>3,C39>5),AND(C37="下一工序",C38>15,C39>5),AND(C37="其他装置进料",C36*C6/(C27+C22)/60>20)),"是","否") -> 是
A42: 分水斗中水的停留时间(min) | B42: =0.785*B8*B8*(B9-0.2)/(B22/1000)*60 -> 19.946451 | C42: =0.785*C8*C8*(C9-0.2)/(C22/1000)*60 -> 20.181415
A43: 分水斗中水的最小停留时间(min) | B43: 5 | C43: 5
A44: 分水斗中水的停留时间是否合适 | B44: =IF(B43<B42,"是","否") -> 是 | C44: =IF(C43<C42,"是","否") -> 是
A45: 核算检查 | B45: =IF(OR(B35="否",B41="否",B44="否"),"核算未通过","核算通过") -> 核算通过 | C45: =IF(OR(C35="否",C41="否",C44="否"),"核算未通过","核算通过") -> 核算通过
A46: 备注 | B46: =IF(AND(B29="是",B30="是"),"允许液沫夹带时一般不安装破沫网","") | C46: =IF(AND(C29="是",C30="是"),"允许液沫夹带时一般不安装破沫网","")
A48: 容积，m3 | B48: =0.785*B5*B5*B6+3.14/24*2*B5^3 -> 16.084127 | C48: =0.785*C5*C5*C6+3.14/24*2*C5^3 -> 43.0965
A51: 气相H2S分压(MPaA)
A52: 气相H2分压(MPaA)
A53: 液相H2S浓度(wt%)
A54: 水相H2S浓度(wt%)
A56: 操作介质重（kg） | B56: =B23*B48*B32+B24*B48*(1-B32)+B22/60*B42 -> 8576.5427 | C56: =C23*C48*C32+C24*C48*(1-C32)+C22/60*C42 -> 24154.869

Sheet 缓冲罐核算
A1: 容器编号 | B1: 132-D-110 | C1: 132-D-101 | D1: 132-D-104 | E1: 132-D-109 | F1: 132-D-301 | G1: 132-D-407 | H1: 132-D-108 | I1: 132-D-415 | J1: 132-D-412 | K1: 132-D-413
A2: 容器名称 | B2: 原料油缓冲罐 | C2: 加氢进料缓冲罐 | D2: 除氧水罐 | E2: 循环泵封油罐 | F2: 贫胺液罐 | G2: 硫化剂罐 | H2: 反冲洗污油罐 | I2: 压缩机区污油罐 | J2: 排污扩容器 | K2: 废胺液罐
A3: 容器形式 | B3: 立式 | C3: 立式 | D3: 立式 | E3: 立式 | F3: 立式 | G3: 立式 | H3: 立式 | I3: 卧式 | J3: 立式 | K3: 卧式
A4: 容器规格 | B4: =CONCATENATE("Φ",B5*1000,"×",B6*1000,"（T-T）",B3) -> Φ4000×12300（T-T）立式 | C4: =CONCATENATE("Φ",C5*1000,"×",C6*1000,"（T-T）",C3) -> Φ4000×12300（T-T）立式 | D4: =CONCATENATE("Φ",D5*1000,"×",D6*1000,"（T-T）",D3) -> Φ1400×4000（T-T）立式 | E4: =CONCATENATE("Φ",E5*1000,"×",E6*1000,"（T-T）",E3) -> Φ1800×5700（T-T）立式 | F4: =CONCATENATE("Φ",F5*1000,"×",F6*1000,"（T-T）",F3) -> Φ3000×9000（T-T）立式 | G4: =CONCATENATE("Φ",G5*1000,"×",G6*1000,"（T-T）",G3) -> Φ2200×6000（T-T）立式 | H4: =CONCATENATE("Φ",H5*1000,"×",H6*1000,"（T-T）",H3) -> Φ2000×4000（T-T）立式 | I4: =CONCATENATE("Φ",I5*1000,"×",I6*1000,"（T-T）",I3) -> Φ1000×2500（T-T）卧式 | ... K4: =CONCATENATE("Φ",K5*1000,"×",K6*1000,"（T-T）",K3) -> Φ1800×4000（T-T）卧式
A5: 容器直径(m) | B5: 4 | C5: 4 | D5: 1.4 | E5: 1.8 | F5: 3 | G5: 2.2 | H5: 2 | I5: 1 | J5: 2 | K5: 1.8
A6: 容器切线长度(m) | B6: 12.3 | C6: 12.3 | D6: 4 | E6: 5.7 | F6: 9 | G6: 6 | H6: 4 | I6: 2.5 | J6: 2.635 | K6: 4
A7: 分水包规格
A8: 分水包直径(m)
A9: 分水包长度(m)
A10: 介质 | B10: 原料蜡油 | C10: 原料蜡油 | D10: 除氧水 | E10: 柴油 | F10: 贫胺液 | G10: 硫化剂 | H10: 反冲洗污油 | I10: 压缩机污油 | J10: 汽包排污水 | K10: 废胺液、污油
A11: 温度(℃) | B11: 185 | C11: 185 | D11: 104 | E11: 50 | F11: 55 | G11: 40 | H11: 185 | I11: 60 | J11: 43 | K11: 40
A12: 压力(MPaG) | B12: 0.2 | C12: 0.4 | D12: 0.4 | E12: 0.2 | F12: 0.4 | G12: 0.6 | H12: 0.15 | I12: 0.1 | J12: 0 | K12: 0.1
A13: 最高操作压力(MPaG) | B13: 1 | C13: 1.8 | D13: 0.5 | E13: 1 | F13: 1 | G13: 0.7 | H13: 0.2 | I13: 0.8
A14: 正常质量流率(kg/h) | B14: 309524 | C14: 309524 | D14: 13100 | F14: 164000 | G14: 6000 | H14: 30850 | I14: 100 | J14: 18602 | K14: 20000
A15: 介质最大流量系数 | B15: 1.1 | C15: 1.1 | D15: 1.1 | E15: 1.1 | F15: 1.1 | G15: 1.1 | H15: 1.1 | I15: 1.1 | J15: 1.1 | K15: 1.1
A16: 最大液体质量流率(kg/h) | B16: =B14*B15 -> 340476.4 | C16: =C14*C15 -> 340476.4 | D16: =D14*D15 -> 14410 | E16: =E14*E15 -> 0 | F16: =F14*F15 -> 180400 | G16: =G14*G15 -> 6600 | H16: =H14*H15 -> 33935 | I16: =I14*I15 -> 110 | ... K16: =K14*K15 -> 22000
A17: 介质密度(kg/cum) | B17: 796.1 | C17: 796.1 | D17: 953.7 | E17: 900 | F17: 1009.8 | G17: 1020 | H17: 796.2 | I17: 850 | J17: 960 | K17: 1010
A18: 介质体积流率(cum/h) | B18: =B16/B17 -> 427.68044 | C18: =C16/C17 -> 427.68044 | D18: =D16/D17 -> 15.109573 | E18: 10 | F18: =F16/F17 -> 178.64924 | G18: =G16/G17 -> 6.4705882 | H18: =H16/H17 -> 42.621201 | I18: =I16/I17 -> 0.12941176 | J18: =J16/J17 -> 21.314792 | K18: =K16/K17 -> 21.782178
A19: 罐体介质流通面积(m2) | B19: =0.785*B5*B5 -> 12.56 | C19: =0.785*C5*C5 -> 12.56 | D19: =0.785*D5*D5 -> 1.5386 | E19: =0.785*E5*E5 -> 2.5434 | F19: =0.785*F5*F5 -> 7.065 | G19: =0.785*G5*G5 -> 3.7994 | H19: =0.785*H5*H5 -> 3.14 | I19: =0.785*I5*I5 -> 0.785 | ... K19: =0.785*K5*K5 -> 2.5434
A20: 介质在罐内流速(m/s) | B20: =B18/B19/3600 -> 0.0094586085 | C20: =C18/C19/3600 -> 0.0094586085 | D20: =D18/D19/3600 -> 0.0027278719 | E20: =E18/E19/3600 -> 0.0010921514 | F20: =F18/F19/3600 -> 0.0070240323 | G20: =G18/G19/3600 -> 0.00047307091 | H20: =H18/H19/3600 -> 0.003770453 | I20: =I18/I19/3600 -> 4.5793264e-05 | ... K20: =K18/K19/3600 -> 0.0023789436
A21: 介质在罐内的最大流速(m/s) | B21: 0.015 | C21: 0.015 | D21: 0.015 | E21: 0.015 | F21: 0.015 | G21: 0.015 | H21: 0.015 | I21: 0.015 | J21: 0.015 | K21: 0.015
A22: 罐体流通容积(cum) | B22: =B19*B6*B30 -> 113.04 | C22: =C19*C6*C30 -> 113.04 | D22: =D19*D6*D30 -> 4.92352 | E22: =E19*E6*E30 -> 6.371217 | F22: =F19*F6*F30 -> 50.868 | G22: =G19*G6*G30 -> 18.23712 | H22: =H19*H6*H30 -> 10.048 | I22: =I19*I6*I30 -> 1.57 | ... K22: =K19*K6*K30 -> 8.13888
A23: 介质停留时间(min) | B23: =B22/B18*60 -> 15.858569 | C23: =C22/C18*60 -> 15.858569 | D23: =D22/D18*60 -> 19.55126 | E23: =E22/E18*60 -> 38.227302 | F23: =F22/F18*60 -> 17.084204 | G23: =G22/G18*60 -> 169.10784 | H23: =H22/H18*60 -> 14.145073 | I23: =I22/I18*60 -> 727.90909 | ... K23: =K22/K18*60 -> 22.418915
A24: 要求的最小停留时间(min) | B24: 15 | C24: 15 | D24: 15 | E24: 15 | F24: 15 | G24: 15 | H24: 14 | I24: 15 | J24: 14 | K24: 14
A25: 核算检查 | B25: =IF(AND(B20<B21,B23>B24),"核算通过","核算未通过") -> 核算通过 | C25: =IF(AND(C20<C21,C23>C24),"核算通过","核算未通过") -> 核算通过 | D25: =IF(AND(D20<D21,D23>D24),"核算通过","核算未通过") -> 核算通过 | E25: =IF(AND(E20<E21,E23>E24),"核算通过","核算未通过") -> 核算通过 | F25: =IF(AND(F20<F21,F23>F24),"核算通过","核算未通过") -> 核算通过 | G25: =IF(AND(G20<G21,G23>G24),"核算通过","核算未通过") -> 核算通过 | H25: =IF(AND(H20<H21,H23>H24),"核算通过","核算未通过") -> 核算通过 | I25: =IF(AND(I20<I21,I23>I24),"核算通过","核算未通过") -> 核算通过 | ... K25: =IF(AND(K20<K21,K23>K24),"核算通过","核算未通过") -> 核算通过
A26: 备注
A28: 容积，m3 | B28: =0.785*B5*B5*B6+3.14/24*2*B5^3 -> 171.23467 | C28: =0.785*C5*C5*C6+3.14/24*2*C5^3 -> 171.23467 | D28: =0.785*D5*D5*D6+3.14/24*2*D5^3 -> 6.8724133 | E28: =0.785*E5*E5*E6+3.14/24*2*E5^3 -> 16.02342 | F28: =0.785*F5*F5*F6+3.14/24*2*F5^3 -> 70.65 | G28: =0.785*G5*G5*G6+3.14/24*2*G5^3 -> 25.582627 | H28: =0.785*H5*H5*H6+3.14/24*2*H5^3 -> 14.653333 | I28: =0.785*I5*I5*I6+3.14/24*2*I5^3 -> 2.2241667 | ... K28: =0.785*K5*K5*K6+3.14/24*2*K5^3 -> 11.69964
A30: 装满系数 | B30: =9000/12300 -> 0.73170732 | C30: =9000/12300 -> 0.73170732 | D30: 0.8 | E30: =2.505/5.7 -> 0.43947368 | F30: 0.8 | G30: 0.8 | H30: 0.8 | I30: 0.8 | J30: 0.64 | K30: 0.8
A31: 高高 | H31: 3.2
A32: 最高液位高度，m | B32: 10 | C32: 10 | D32: 3.4 | E32: 4.5 | F32: 8 | G32: 5.4 | H32: 2.8 | I32: 2 | J32: 2.1 | K32: 3.6
A33: 低液位高度,m | B33: 1.35 | C33: 1.35 | D33: 0.8 | E33: 0.55 | F33: 0.3 | G33: 0.4 | H33: 0.4 | I33: 0.1 | J33: 0.4 | K33: 0.2
A34: 高低液位差,m | B34: =B32-B33 -> 8.65 | C34: =C32-C33 -> 8.65 | D34: =D32-D33 -> 2.6 | E34: =E32-E33 -> 3.95 | F34: =F32-F33 -> 7.7 | G34: =G32-G33 -> 5 | H34: =H32-H33 -> 2.4 | I34: =I32-I33 -> 1.9 | ... K34: =K32-K33 -> 3.4 | L34: 、
A35: 停留时间,(min) | B35: =B34*B19/B18*60 -> 15.241847 | C35: =C34*C19/C18*60 -> 15.241847 | D35: =D34*D19/D18*60 -> 15.885399 | E35: =E34*E19/E18*60 -> 60.27858 | F35: =F34*F19/F18*60 -> 18.270607 | G35: =G34*G19/G18*60 -> 176.154 | H35: =H34*H19/H18*60 -> 10.608805 | I35: =I34*I19/I18*60 -> 691.51364 | ... K35: =K34*K19/K18*60 -> 23.820097
A37: 气相H2S分压(MPaA)
A38: 气相H2分压(MPaA)
A39: 液相H2S浓度(wt%)
A41: 正常气体质量流率(kg/h)
A42: 介质最大流量系数
A43: 最大气体质量流率(kg/h)
A44: 气体密度(kg/cum)
A45: 气体体积流率(cum/h)
A46: 气体在罐内流速(m/s)
A48: 操作介质重（kg） | B48: =B17*B22+3.14/24*B5^3*B17 -> 96657.155 | C48: =C17*C22+3.14/24*C5^3*C17 -> 96657.155 | D48: =D17*D22+3.14/24*D5^3*D17 -> 5037.9457 | E48: =E17*E22+3.14/24*E5^3*E17 -> 6420.8133 | F48: =F17*F22+3.14/24*F5^3*F17 -> 54933.625 | G48: =G17*G22+3.14/24*G5^3*G17 -> 20022.838 | H48: =H17*H22+3.14/24*H5^3*H17 -> 8833.5736 | I48: =I17*I22+3.14/24*I5^3*I17 -> 1445.7083 | ... K48: =K17*K22+3.14/24*K5^3*K17 -> 8990.919 | N48: =N17*N22 -> 0 | O48: =O17*O22 -> 0 | P48: =P17*P22 -> 0 | Q48: =Q17*Q22 -> 0 | R48: =R17*R22 -> 0 | S48: =S17*S22 -> 0 | T48: =T17*T22 -> 0 | U48: =U17*U22 -> 0 | ... X48: =X17*X22 -> 0

Sheet 净化风罐核算
A1: 容器编号 | B1: 222-V-113
A2: 容器名称 | B2: 净化压缩空气罐
A3: 容器形式 | B3: 立式
A4: 容器规格 | B4: =CONCATENATE("Φ",B5*1000,"×",B6*1000,"（T.L）") -> Φ1600×4650（T.L）
A5: 容器直径(m) | B5: 1.6
A6: 容器切线长度(m) | B6: 4.65
A7: 介质 | B7: 净化空气
A8: 温度(℃) | B8: 40
A9: 压力(MPaG) | B9: 0.6
A10: 最高操作压力(MPaG) | B10: =B9*1.2 -> 0.72
A11: 空气质量流率(Nm3/h) | B11: 80
A12: 空气质量流率(kg/h) | B12: =B11*1.29 -> 103.2
A13: 空气密度(kg/cum) | B13: 7.816
A14: 空气体积流率(cum/h) | B14: =B12/B13 -> 13.203685
A15: 罐体流通面积(m2) | B15: =0.785*B5*B5 -> 2.0096
A16: 空气在罐内流速(m/s) | B16: =B14/B15/3600 -> 0.0018250847
A17: 空气在罐内的最大流速(m/s) | B17: =0.048*((1000-B13)/B13)^0.5 -> 0.54081045
A18: 罐体流通容积(cum) | B18: =B15*B6 -> 9.34464
A19: 罐总容积(cum) | B19: =B18+PI()/24*2*B5^3 -> 10.41697
A20: 液体停留时间(min) | B20: =B18/B14*60 -> 42.463783
A21: 要求出口最低压力(MPaG) | B21: 0.4
A22: 要求的最小停留时间(min) | B22: 15
A23: 要求的最小容积(cum) | B23: =B11*B22/60*0.1/(B9-B21) -> 10
A24: 核算检查 | B24: =IF(AND(B16<B17,B19>B23),"核算通过","核算未通过") -> 核算通过
A25: 备注
A29: 容积，m3

Sheet 泄放量
C2: 直径 m | D2: 高度或长度 m | E2: 体积 m3
B3: 裂解反应器1 | C3: =反应器选型!C17 -> 4.6 | D3: =反应器选型!C20 -> 22 | E3: =0.785*C3*C3*D3 -> 365.4332
B4: 裂解反应器2 | C4: =C3 -> 4.6 | D4: =D3 -> 22 | E4: =0.785*C4*C4*D4 -> 365.4332
B5: 精制反应器 | C5: =反应器选型!G19 -> 4.6 | D5: =反应器选型!G30 -> 21.94 | E5: =0.785*C5*C5*D5 -> 364.43656
B6: 精制催化剂体积 | C6: =反应器选型!G17 -> 118
B7: 精制催化剂空隙率 | C7: 0.7
B8: 裂解热高分 | C8: =高压容器核算!B6 -> 2.8 | D8: =高压容器核算!B7 -> 10.5 | E8: =0.785*C8*C8*D8 -> 64.6212
B9: 精制热高分 | C9: =高压容器核算!C6 -> 2.4 | D9: =高压容器核算!C7 -> 8.5 | E9: =0.785*C9*C9*D9 -> 38.4336
B10: 精制冷高分 | C10: =高压容器核算!D6 -> 2 | D10: =高压容器核算!D7 -> 6.5 | E10: =0.785*C10*C10*D10 -> 20.41
B11: 循环氢分液罐 | C11: 3 | D11: 4 | E11: =0.785*C11*C11*D11 -> 28.26
B12: 循环氢脱硫塔 | C12: 1.8 | D12: 13.9 | E12: =0.785*C12*C12*D12 -> 35.35326
B13: 裂解高压换热器1 | C13: 1.4 | D13: 12 | E13: =0.785*C13*C13*D13 -> 18.4632
B14: 裂解高压换热器2 | C14: 0.9 | D14: 6 | E14: =0.785*C14*C14*D14 -> 3.8151
B15: 精制高压换热器1 | E15: =0.785*C15*C15*D15 -> 0
B16: 精制高压换热器2 | E16: =0.785*C16*C16*D16 -> 0
B17: 管线 | C17: 0.4 | D17: 150 | E17: =0.785*C17*C17*D17 -> 18.84
B18: 加热炉 | C18: 0.1 | D18: 150 | E18: =0.785*C18*C18*D18 -> 1.1775
B19: 总体积 m3 | D19: =SUM(E3:E18) -> 1324.6768 | E19: =SUM(E3:E18)-C6*(1-C7) -> 1289.2768
B20: 气密压力 Bar | D20: 100
B21: 安全系数 | D21: 1.2
B22: 0.7MPa/min 泄放量 NM3/h | D22: =7*100*60*D19*0.65*22.4/8.314/368*D21 -> 317719.6 | E22: =7*100*60*E19*0.65*22.4/8.314/368*D21 -> 309229.02
B23: 1.4MPa/min 泄放量 NM3/h | D23: =D22*2 -> 635439.21 | E23: =E22*2 -> 618458.05
B24: 2.1Mpa/min 泄放量 NM3/h | D24: =D22*3 -> 953158.81 | E24: =E22*3 -> 927687.07
B25: 气密氮气量 NM3 | D25: =D20*100*0.65*22.4*D19/8.314/313*D21 -> 88940.22 | E25: =D20*100*0.65*22.4*E19/8.314/313*D21 -> 86563.427

Sheet 容器选型（详细设计新模板）
A1: 容器编号 | B1: 132-D-101 | C1: 132-D-110 | D1: 132-D-104 | E1: 132-D-108 | F1: 132-D-109 | G1: 132-D-301 | H1: 132-D-407 | I1: 132-D-412 | J1: 132-D-413 | K1: 132-D-415 | L1: 132-D-201 | M1: 132-D-203 | N1: 132-D-102 | O1: 131-D-105 | P1: 132-D-202 | Q1: 132-D-302 | R1: 132-D-405 | S1: 132-D-406 | T1: 132-D-103 | U1: 132-D-401 | V1: 132-D-402 | W1: 132-D-403 | X1: 132-D-409 | Y1: 132-D-410 | Z1: 132-D-411
A2: 容器名称 | B2: 加氢进料缓冲罐 | C2: 原料油缓冲罐 | D2: 除氧水罐 | E2: 反冲洗污油罐 | F2: 循环泵封油罐 | G2: 贫胺液罐 | H2: 硫化剂罐 | I2: 排污扩容器 | J2: 废胺液罐 | K2: 压缩机区污油罐 | L2: 汽提塔顶回流罐 | M2: 分馏塔顶回流罐 | N2: 热低分罐 | O2: 新氢压缩机入口分液罐 | P2: 预闪蒸罐 | Q2: 低分气分液罐 | R2: 燃料气分液罐 | S2: 净化压缩空气分液罐 | T2: 冷低分罐 | U2: 低压放空罐 | V2: 地下轻污油罐 | W2: 地下重污油罐 | X2: 汽包 | Y2: 汽包 | Z2: 汽包
A3: 容器类别 | B3: 缓冲罐 | C3: 缓冲罐 | D3: 缓冲罐 | E3: 缓冲罐 | F3: 缓冲罐 | G3: 缓冲罐 | H3: 缓冲罐 | I3: 缓冲罐 | J3: 缓冲罐 | K3: 缓冲罐 | L3: 卧式回流罐 | M3: 卧式回流罐 | N3: 汽液分离罐 | O3: 汽液分离罐 | P3: 汽液分离罐 | Q3: 汽液分离罐 | R3: 汽液分离罐 | S3: 汽液分离罐 | T3: 汽液分离罐 | U3: 汽液分离罐 | V3: 汽液分离罐 | W3: 汽液分离罐 | X3: 汽液分离罐 | Y3: 汽液分离罐 | Z3: 汽液分离罐
A4: 容器形式 | B4: 立式 | C4: 立式 | D4: 立式 | E4: 立式 | F4: 立式 | G4: 立式 | H4: 立式 | I4: 立式 | J4: 卧式 | K4: 卧式 | L4: 卧式 | M4: 卧式 | N4: 立式 | O4: 立式 | P4: 立式 | Q4: 立式 | R4: 立式 | S4: 立式 | T4: 卧式 | U4: 卧式 | V4: 卧式 | W4: 卧式 | X4: 卧式 | Y4: 卧式 | Z4: 卧式
A5: 容器规格 | B5: =IF(OR(B6<>"",B7<>""),CONCATENATE("Φ",B6*1000,"×",B7*1000,"（T-T）",B4),"") -> Φ4000×12300（T-T）立式 | C5: =IF(OR(C6<>"",C7<>""),CONCATENATE("Φ",C6*1000,"×",C7*1000,"（T-T）",C4),"") -> Φ4000×12300（T-T）立式 | D5: =IF(OR(D6<>"",D7<>""),CONCATENATE("Φ",D6*1000,"×",D7*1000,"（T-T）",D4),"") -> Φ1400×4000（T-T）立式 | E5: =IF(OR(E6<>"",E7<>""),CONCATENATE("Φ",E6*1000,"×",E7*1000,"（T-T）",E4),"") -> Φ2000×4000（T-T）立式 | F5: =IF(OR(F6<>"",F7<>""),CONCATENATE("Φ",F6*1000,"×",F7*1000,"（T-T）",F4),"") -> Φ1800×5700（T-T）立式 | G5: =IF(OR(G6<>"",G7<>""),CONCATENATE("Φ",G6*1000,"×",G7*1000,"（T-T）",G4),"") -> Φ3000×9000（T-T）立式 | H5: =IF(OR(H6<>"",H7<>""),CONCATENATE("Φ",H6*1000,"×",H7*1000,"（T-T）",H4),"") -> Φ2200×6000（T-T）立式 | I5: =IF(OR(I6<>"",I7<>""),CONCATENATE("Φ",I6*1000,"×",I7*1000,"（T-T）",I4),"") -> Φ2000×2635（T-T）立式 | ... CD5: =IF(OR(CD6<>"",CD7<>""),CONCATENATE("Φ",CD6*1000,"×",CD7*1000,"（T-T）",CD4),"")
A6: 容器直径(m) | B6: 4 | C6: 4 | D6: 1.4 | E6: 2 | F6: 1.8 | G6: 3 | H6: 2.2 | I6: 2 | J6: 1.8 | K6: 1 | L6: 1.8 | M6: 2.4 | N6: 4.6 | O6: 1.4 | P6: 4 | Q6: 1 | R6: 1.4 | S6: 1.4 | T6: 2 | U6: 3.6 | V6: 2.2 | W6: 2.2 | X6: 2 | Y6: 1.5 | Z6: 1.5
A7: 容器切线长度(m) | B7: 12.3 | C7: 12.3 | D7: 4 | E7: 4 | F7: 5.7 | G7: 9 | H7: 6 | I7: 2.635 | J7: 4 | K7: 2.5 | L7: 6.5 | M7: 8.5 | N7: 18.3 | O7: 4.2 | P7: 12.2 | Q7: 3 | R7: 4 | S7: 4 | T7: 5.1 | U7: 8 | V7: 4 | W7: 4 | X7: 8.25 | Y7: 6.1 | Z7: 4
A8: 分水包规格 | B8: =IF(OR(B9="",B10=""),"",CONCATENATE("分水包","Φ",B9*1000,"×",B10*1000,"（T-T）")) | C8: =IF(OR(C9="",C10=""),"",CONCATENATE("分水包","Φ",C9*1000,"×",C10*1000,"（T-T）")) | D8: =IF(OR(D9="",D10=""),"",CONCATENATE("分水包","Φ",D9*1000,"×",D10*1000,"（T-T）")) | E8: =IF(OR(E9="",E10=""),"",CONCATENATE("分水包","Φ",E9*1000,"×",E10*1000,"（T-T）")) | F8: =IF(OR(F9="",F10=""),"",CONCATENATE("分水包","Φ",F9*1000,"×",F10*1000,"（T-T）")) | G8: =IF(OR(G9="",G10=""),"",CONCATENATE("分水包","Φ",G9*1000,"×",G10*1000,"（T-T）")) | H8: =IF(OR(H9="",H10=""),"",CONCATENATE("分水包","Φ",H9*1000,"×",H10*1000,"（T-T）")) | I8: =IF(OR(I9="",I10=""),"",CONCATENATE("分水包","Φ",I9*1000,"×",I10*1000,"（T-T）")) | ... O8: =IF(OR(O9="",O10=""),"",CONCATENATE("分水包","Φ",O9*1000,"×",O10*1000,"（T-T）")) | Q8: =IF(OR(Q9="",Q10=""),"",CONCATENATE("分水包","Φ",Q9*1000,"×",Q10*1000,"（T-T）")) | R8: =IF(OR(R9="",R10=""),"",CONCATENATE("分水包","Φ",R9*1000,"×",R10*1000,"（T-T）")) | S8: =IF(OR(S9="",S10=""),"",CONCATENATE("分水包","Φ",S9*1000,"×",S10*1000,"（T-T）")) | T8: =IF(OR(T9="",T10=""),"",CONCATENATE("分水包","Φ",T9*1000,"×",T10*1000,"（T-T）")) | U8: =IF(OR(U9="",U10=""),"",CONCATENATE("分水包","Φ",U9*1000,"×",U10*1000,"（T-T）")) | V8: =IF(OR(V9="",V10=""),"",CONCATENATE("分水包","Φ",V9*1000,"×",V10*1000,"（T-T）")) | W8: =IF(OR(W9="",W10=""),"",CONCATENATE("分水包","Φ",W9*1000,"×",W10*1000,"（T-T）")) | X8: =IF(OR(X9="",X10=""),"",CONCATENATE("分水包","Φ",X9*1000,"×",X10*1000,"（T-T）")) | ... CD8: =IF(OR(CD9="",CD10=""),"",CONCATENATE("分水包","Φ",CD9*1000,"×",CD10*1000,"（T-T）"))
A9: 分水包直径(m) | L9: 0.9 | M9: 1.2
A10: 分水包长度(m) | L10: 2.2 | M10: 2.8
A11: 容器容积，m3 | B11: =IF(OR(B6<>"",B7<>""),0.785*B6*B6*B7+3.14/24*2*B6^3,"") -> 171.23467 | C11: =IF(OR(C6<>"",C7<>""),0.785*C6*C6*C7+3.14/24*2*C6^3,"") -> 171.23467 | D11: =IF(OR(D6<>"",D7<>""),0.785*D6*D6*D7+3.14/24*2*D6^3,"") -> 6.8724133 | E11: =IF(OR(E6<>"",E7<>""),0.785*E6*E6*E7+3.14/24*2*E6^3,"") -> 14.653333 | F11: =IF(OR(F6<>"",F7<>""),0.785*F6*F6*F7+3.14/24*2*F6^3,"") -> 16.02342 | G11: =IF(OR(G6<>"",G7<>""),0.785*G6*G6*G7+3.14/24*2*G6^3,"") -> 70.65 | H11: =IF(OR(H6<>"",H7<>""),0.785*H6*H6*H7+3.14/24*2*H6^3,"") -> 25.582627 | I11: =IF(OR(I6<>"",I7<>""),0.785*I6*I6*I7+3.14/24*2*I6^3,"") -> 10.367233 | ... CD11: =IF(OR(CD6<>"",CD7<>""),0.785*CD6*CD6*CD7+3.14/24*2*CD6^3,"")
A12: 介质 | B12: 原料蜡油 | C12: 原料蜡油 | D12: 除氧水 | E12: 反冲洗污油 | F12: 柴油 | G12: 贫胺液 | H12: 硫化剂 | I12: 汽包排污水 | J12: 废胺液、污油 | K12: 压缩机污油 | L12: 不凝气，粗石脑油 | M12: 石脑油 | N12: 油气, H2,H2S | O12: H2、C1 | P12: 汽提塔底油 | Q12: 低分气、富胺液 | R12: 燃料气 | S12: 空气 | T12: 油气, H2,H2S | U12: 油气, H2,H2S | V12: 污油 | W12: 污油 | X12: 蒸汽、水 | Y12: 蒸汽、水 | Z12: 蒸汽、水
A13: 正常操作温度(℃) | B13: =HLOOKUP(B61,物流参数!$C$1:$GC$29,MATCH("TEMPERATURE",物流参数!$A$1:$A$29,FALSE()),FALSE()) -> 185 | C13: =HLOOKUP(C61,物流参数!$C$1:$GC$29,MATCH("TEMPERATURE",物流参数!$A$1:$A$29,FALSE()),FALSE()) -> 115.79 | D13: =HLOOKUP(D61,物流参数!$C$1:$GC$29,MATCH("TEMPERATURE",物流参数!$A$1:$A$29,FALSE()),FALSE()) -> 95.46 | E13: =HLOOKUP(E61,物流参数!$C$1:$GC$29,MATCH("TEMPERATURE",物流参数!$A$1:$A$29,FALSE()),FALSE()) -> 185 | F13: =HLOOKUP(F61,物流参数!$C$1:$GC$29,MATCH("TEMPERATURE",物流参数!$A$1:$A$29,FALSE()),FALSE()) -> 50.04 | G13: =HLOOKUP(G61,物流参数!$C$1:$GC$29,MATCH("TEMPERATURE",物流参数!$A$1:$A$29,FALSE()),FALSE()) -> 40 | H13: 40 | I13: 43 | J13: 40 | K13: 60 | L13: 40 | M13: 40 | N13: 285 | O13: 40 | P13: 335 | Q13: 50 | R13: 40 | S13: 40 | T13: 40 | U13: 60 | V13: 60 | W13: 60 | X13: 199 | Y13: 168 | Z13: 152
A14: 最高操作温度(℃) | B14: 185 | C14: 116 | D14: 95 | E14: 185 | F14: 50 | G14: 55 | H14: 40 | I14: 43 | J14: 40 | K14: 60 | L14: 40 | M14: 40
A15: 正常操作压力(MPaG) | B15: 0.2 | C15: 0.4 | D15: 0.4 | E15: 0.15 | F15: 0.2 | G15: 0.4 | H15: 0.6 | I15: 0.4 | J15: 0.1 | K15: 0.1 | L15: 1.06 | M15: 0.04 | N15: 2.99 | O15: 2.4 | P15: 0.2 | Q15: 2.78 | R15: 0.5 | S15: 0.7 | T15: 2.81 | U15: 0.1 | V15: 0.1 | W15: 0.1 | X15: 1.43 | Y15: 0.66 | Z15: 1.43
A16: 最高操作压力(MPaG) | B16: 1 | C16: 1.8 | D16: 0.5 | E16: 0.2 | F16: 1 | G16: 1 | H16: 0.7 | I16: 1 | J16: 0.7 | K16: 0.8 | L16: 1.2 | M16: 0.4 | R16: 0.6
A17: 操作条件下气体产品流量(kg/h) | L17: 3130 | M17: 500 | N17: 12588 | O17: 4045 | P17: 7799 | Q17: 6068 | R17: 1708.9 | S17: 912.5 | T17: 11805 | U17: 15000 | V17: 10000 | W17: 10000 | X17: 26881 | Y17: 5215 | Z17: 4018
A18: 操作条件下液体产品流量(kg/h) | B18: 309524 | C18: 309524 | D18: 13100 | E18: 30850 | F18: 10000 | G18: 164000 | H18: 6000 | I18: 18602 | J18: 20000 | K18: 100 | L18: 15182 | M18: 54907 | N18: 300044 | O18: =O17*0.01 -> 40.45 | P18: 293018 | Q18: 2 | R18: =R17*0.01 -> 17.089 | S18: =0.01*S17 -> 9.125 | T18: 15912 | U18: 10000 | V18: 20000 | W18: 20000
A19: 操作条件下回流流量(kg/h) | L19: 7350 | M19: 50827
A20: 操作条件下水流量(kg/h，指分水包) | L20: 4762 | M20: 9911
A21: 介质最大流量系数 | B21: 1.1 | C21: 1.1 | D21: 1.1 | E21: 1.1 | F21: 1.1 | G21: 1.1 | H21: 1.1 | I21: 1.1 | J21: 1.1 | K21: 1.1 | L21: 1.2 | M21: 1.2 | N21: 1.1 | O21: 1.3 | P21: 1.1 | Q21: 1.1 | R21: 1.3 | S21: 1.3 | T21: 1.1 | U21: 1.1 | V21: 1.1 | W21: 1.1 | X21: 1.1 | Y21: 1.1 | Z21: 1.1
A22: 最大气体产品流量(kg/h) | B22: =IF(B17="","",B17*B$21) | C22: =IF(C17="","",C17*C$21) | D22: =IF(D17="","",D17*D$21) | F22: =IF(F17="","",F17*F$21) | G22: =IF(G17="","",G17*G$21) | H22: =IF(H17="","",H17*H$21) | L22: =IF(L17="","",L17*L$21) -> 3756 | M22: 600 | N22: =IF(N17="","",N17*N$21) -> 13846.8 | O22: =IF(O17="","",O17*O$21) -> 5258.5 | P22: =IF(P17="","",P17*P$21) -> 8578.9 | Q22: =IF(Q17="","",Q17*Q$21) -> 6674.8 | R22: =IF(R17="","",R17*R$21) -> 2221.57 | S22: =IF(S17="","",S17*S$21) -> 1186.25 | T22: =IF(T17="","",T17*T$21) -> 12985.5 | U22: =IF(U17="","",U17*U$21) -> 16500 | ... CD22: =IF(CD17="","",CD17*CD$21)
A23: 最大液体产品流量(kg/h) | B23: =IF(B18="","",B18*B$21) -> 340476.4 | C23: =IF(C18="","",C18*C$21) -> 340476.4 | D23: =IF(D18="","",D18*D$21) -> 14410 | E23: =IF(E18="","",E18*E$21) -> 33935 | F23: =IF(F18="","",F18*F$21) -> 11000 | G23: =IF(G18="","",G18*G$21) -> 180400 | H23: =IF(H18="","",H18*H$21) -> 6600 | I23: =IF(I18="","",I18*I$21) -> 20462.2 | ... CD23: =IF(CD18="","",CD18*CD$21)
A24: 最大回流流量(kg/h) | B24: =IF(B19="","",B19*B21) | C24: =IF(C19="","",C19*C21) | D24: =IF(D19="","",D19*D21) | E24: =IF(E19="","",E19*E21) | F24: =IF(F19="","",F19*F21) | G24: =IF(G19="","",G19*G21) | H24: =IF(H19="","",H19*H21) | I24: =IF(I19="","",I19*I21) | ... M24: =IF(M19="","",M19*M21) -> 60992.4 | Q24: =IF(Q19="","",Q19*Q21) | R24: =IF(R19="","",R19*R21) | S24: =IF(S19="","",S19*S21) | T24: =IF(T19="","",T19*T21) | U24: =IF(U19="","",U19*U21) | V24: =IF(V19="","",V19*V21) | W24: =IF(W19="","",W19*W21) | X24: =IF(X19="","",X19*X21) | ... CD24: =IF(CD19="","",CD19*CD21)
A25: 最大水流量(kg/h，指分水包) | B25: =IF(B20="","",B20*B$21) | C25: =IF(C20="","",C20*C$21) | D25: =IF(D20="","",D20*D$21) | E25: =IF(E20="","",E20*E$21) | F25: =IF(F20="","",F20*F$21) | G25: =IF(G20="","",G20*G$21) | H25: =IF(H20="","",H20*H$21) | I25: =IF(I20="","",I20*I$21) | ... O25: =IF(O20="","",O20*O$21) | Q25: =IF(Q20="","",Q20*Q$21) | R25: =IF(R20="","",R20*R$21) | S25: =IF(S20="","",S20*S$21) | T25: =IF(T20="","",T20*T$21) | U25: =IF(U20="","",U20*U$21) | V25: =IF(V20="","",V20*V$21) | W25: =IF(W20="","",W20*W$21) | X25: =IF(X20="","",X20*X$21) | ... CD25: =IF(CD20="","",CD20*CD$21)
A26: 操作条件下的气体密度(kg/m3) | L26: 12.1 | M26: 12.1 | N26: 17.4 | O26: 1.9 | P26: 6.2 | Q26: 9.2 | R26: 3.6 | S26: 3.6 | T26: 15.5 | U26: 15.5 | V26: 15.5 | W26: 15.5 | X26: 7.74 | Y26: 3.91 | Z26: 7.74
A27: 操作条件下的液体密度(kg/m3) | B27: 796.1 | C27: 796.1 | D27: 953.7 | E27: 796.2 | F27: 900 | G27: 1009.8 | H27: 1020 | I27: 980 | J27: 1010 | K27: 850 | L27: 683.8 | M27: 662.9 | N27: 658.3 | O27: 510 | P27: 632.8 | Q27: 984.4 | R27: 600 | S27: 998 | T27: 761.86 | U27: 800 | V27: 800 | W27: 850 | X27: 865.34 | Y27: 899.38 | Z27: 865.34
A28: 操作条件下气体产品流率(m3/s) | B28: =IF(B17="","",B22/B26/3600) | C28: =IF(C17="","",C22/C26/3600) | D28: =IF(D17="","",D22/D26/3600) | E28: =IF(E17="","",E22/E26/3600) | F28: =IF(F17="","",F22/F26/3600) | G28: =IF(G17="","",G22/G26/3600) | H28: =IF(H17="","",H22/H26/3600) | I28: =IF(I17="","",I22/I26/3600) | ... CD28: =IF(CD17="","",CD22/CD26/3600)
A29: 操作条件下的液体产品流率(m3/s) | B29: =IF(B23="","",B23/B27/3600) -> 0.11880012 | C29: =IF(C23="","",C23/C27/3600) -> 0.11880012 | D29: =IF(D23="","",D23/D27/3600) -> 0.0041971037 | E29: =IF(E23="","",E23/E27/3600) -> 0.011839222 | F29: =IF(F23="","",F23/F27/3600) -> 0.0033950617 | G29: =IF(G23="","",G23/G27/3600) -> 0.049624788 | H29: =IF(H23="","",H23/H27/3600) -> 0.0017973856 | I29: =IF(I23="","",I23/I27/3600) -> 0.0057999433 | ... CD29: =IF(CD23="","",CD23/CD27/3600)
A30: 操作条件下回流流率(m3/s) | B30: =IF(B19="","",B24/B27/3600) | C30: =IF(C19="","",C24/C27/3600) | D30: =IF(D19="","",D24/D27/3600) | E30: =IF(E19="","",E24/E27/3600) | F30: =IF(F19="","",F24/F27/3600) | G30: =IF(G19="","",G24/G27/3600) | H30: =IF(H19="","",H24/H27/3600) | I30: =IF(I19="","",I24/I27/3600) | ... O30: =IF(O19="","",O24/O27/3600) | Q30: =IF(Q19="","",Q24/Q27/3600) | R30: =IF(R19="","",R24/R27/3600) | S30: =IF(S19="","",S24/S27/3600) | T30: =IF(T19="","",T24/T27/3600) | U30: =IF(U19="","",U24/U27/3600) | V30: =IF(V19="","",V24/V27/3600) | W30: =IF(W19="","",W24/W27/3600) | X30: =IF(X19="","",X24/X27/3600) | ... CD30: =IF(CD19="","",CD24/CD27/3600)
A31: 气体在容器的气体空间的临界速度uc(m/s) | B31: =IF(AND(B3<>"缓冲罐",B3<>""),0.048*SQRT((B27-B26)/B26),"") | C31: =IF(AND(C3<>"缓冲罐",C3<>""),0.048*SQRT((C27-C26)/C26),"") | D31: =IF(AND(D3<>"缓冲罐",D3<>""),0.048*SQRT((D27-D26)/D26),"") | E31: =IF(AND(E3<>"缓冲罐",E3<>""),0.048*SQRT((E27-E26)/E26),"") | F31: =IF(AND(F3<>"缓冲罐",F3<>""),0.048*SQRT((F27-F26)/F26),"") | G31: =IF(AND(G3<>"缓冲罐",G3<>""),0.048*SQRT((G27-G26)/G26),"") | H31: =IF(AND(H3<>"缓冲罐",H3<>""),0.048*SQRT((H27-H26)/H26),"") | I31: =IF(AND(I3<>"缓冲罐",I3<>""),0.048*SQRT((I27-I26)/I26),"") | ... W31: =IF(AND(W3<>"缓冲罐",W3<>""),0.048*SQRT((W27-W26)/W26),"") -> 0.35219936 | X31: =1.2*(0.04*9.81*(X27-X26))^0.25/X26^0.5 -> 1.8474139 | Y31: =1.2*(0.04*9.81*(Y27-Y26))^0.25/Y26^0.5 -> 2.6274707 | Z31: =1.2*(0.04*9.81*(Z27-Z26))^0.25/Z26^0.5 -> 1.8474139 | AA31: =IF(AND(AA3<>"缓冲罐",AA3<>""),0.048*SQRT((AA27-AA26)/AA26),"") | AB31: =IF(AND(AB3<>"缓冲罐",AB3<>""),0.048*SQRT((AB27-AB26)/AB26),"") | AC31: =IF(AND(AC3<>"缓冲罐",AC3<>""),0.048*SQRT((AC27-AC26)/AC26),"") | AD31: =IF(AND(AD3<>"缓冲罐",AD3<>""),0.048*SQRT((AD27-AD26)/AD26),"") | AE31: =IF(AND(AE3<>"缓冲罐",AE3<>""),0.048*SQRT((AE27-AE26)/AE26),"") | AF31: =IF(AND(AF3<>"缓冲罐",AF3<>""),0.048*SQRT((AF27-AF26)/AF26),"") | AG31: =IF(AND(AG3<>"缓冲罐",AG3<>""),0.048*SQRT((AG27-AG26)/AG26),"") | AH31: =IF(AND(AH3<>"缓冲罐",AH3<>""),0.048*SQRT((AH27-AH26)/AH26),"") | ... CD31: =IF(AND(CD3<>"缓冲罐",CD3<>""),0.048*SQRT((CD27-CD26)/CD26),"")
A32: 是否允许有一定液沫夹带？ | E32: 是 | G32: 否 | H32: 否 | I32: 否 | J32: 否 | K32: 否 | L32: 否 | M32: 否 | N32: 否 | O32: 否 | P32: 否 | Q32: 否 | R32: 否 | S32: 否 | T32: 否 | U32: 否 | V32: 否 | W32: 否 | X32: 否 | Y32: 否 | Z32: 否
A33: 是否安装破沫网？ | E33: 否 | G33: 否 | H33: 否 | I33: 否 | J33: 否 | K33: 否 | L33: 否 | M33: 否 | N33: 否 | O33: 否 | P33: 否 | Q33: 否 | R33: 否 | S33: 否 | T33: 否 | U33: 否 | V33: 否 | W33: 否 | X33: 是 | Y33: 是 | Z33: 是
A34: 气体允许速度uo(m/s) | B34: =IF(AND(B3<>"缓冲罐",B3<>""),IF(B33="是",B31,(IF(B32="是",B31*1.7,B31*0.8))),"") | C34: =IF(AND(C3<>"缓冲罐",C3<>""),IF(C33="是",C31,(IF(C32="是",C31*1.7,C31*0.8))),"") | D34: =IF(AND(D3<>"缓冲罐",D3<>""),IF(D33="是",D31,(IF(D32="是",D31*1.7,D31*0.8))),"") | E34: =IF(AND(E3<>"缓冲罐",E3<>""),IF(E33="是",E31,(IF(E32="是",E31*1.7,E31*0.8))),"") | F34: =IF(AND(F3<>"缓冲罐",F3<>""),IF(F33="是",F31,(IF(F32="是",F31*1.7,F31*0.8))),"") | G34: =IF(AND(G3<>"缓冲罐",G3<>""),IF(G33="是",G31,(IF(G32="是",G31*1.7,G31*0.8))),"") | H34: =IF(AND(H3<>"缓冲罐",H3<>""),IF(H33="是",H31,(IF(H32="是",H31*1.7,H31*0.8))),"") | I34: =IF(AND(I3<>"缓冲罐",I3<>""),IF(I33="是",I31,(IF(I32="是",I31*1.7,I31*0.8))),"") | ... CD34: =IF(AND(CD3<>"缓冲罐",CD3<>""),IF(CD33="是",CD31,(IF(CD32="是",CD31*1.7,CD31*0.8))),"")
A35: 装满系数 | B35: =9000/12300 -> 0.73170732 | C35: =9000/12300 -> 0.73170732 | D35: 0.8 | E35: 0.5 | F35: =2.5/5.7 -> 0.43859649 | G35: 0.8 | H35: 0.8 | I35: =800/2635 -> 0.30360531 | J35: 0.5 | K35: 0.5 | L35: 0.5 | M35: 0.5 | N35: =7.8/18.3 -> 0.42622951 | O35: =0.8/4.2 -> 0.19047619 | P35: =7.4/12.2 -> 0.60655738 | Q35: =1/3 -> 0.33333333 | R35: =0.75/4 -> 0.1875 | S35: =0.75/4 -> 0.1875 | T35: =0.65/1.8 -> 0.36111111 | U35: =1.8/3.6 -> 0.5 | V35: 0.5 | W35: 0.5 | X35: =0.95/X6 -> 0.475 | Y35: =0.7/Y6 -> 0.46666667 | Z35: =0.7/Z6 -> 0.46666667
A36: 结构系数 | B36: =IF(B4<>"",IF(B4="立式",1,1-B35),"") -> 1 | C36: =IF(C4<>"",IF(C4="立式",1,1-C35),"") -> 1 | D36: =IF(D4<>"",IF(D4="立式",1,1-D35),"") -> 1 | E36: =IF(E4<>"",IF(E4="立式",1,1-E35),"") -> 1 | F36: =IF(F4<>"",IF(F4="立式",1,1-F35),"") -> 1 | G36: =IF(G4<>"",IF(G4="立式",1,1-G35),"") -> 1 | H36: =IF(H4<>"",IF(H4="立式",1,1-H35),"") -> 1 | I36: =IF(I4<>"",IF(I4="立式",1,1-I35),"") -> 1 | ... O36: =IF(O4<>"",IF(O4="立式",1,1-O35),"") -> 1 | P36: 1 | Q36: =IF(Q4<>"",IF(Q4="立式",1,1-Q35),"") -> 1 | R36: 1 | S36: 1 | T36: 0.5 | U36: 0.5 | V36: 0.5 | W36: 0.5 | X36: =1-X35 -> 0.525 | Y36: =1-Y35 -> 0.53333333 | Z36: =1-Z35 -> 0.53333333 | AA36: =IF(AA4<>"",IF(AA4="立式",1,1-AA35),"") | AB36: =IF(AB4<>"",IF(AB4="立式",1,1-AB35),"") | AC36: =IF(AC4<>"",IF(AC4="立式",1,1-AC35),"") | AD36: =IF(AD4<>"",IF(AD4="立式",1,1-AD35),"") | AE36: =IF(AE4<>"",IF(AE4="立式",1,1-AE35),"") | AF36: =IF(AF4<>"",IF(AF4="立式",1,1-AF35),"") | AG36: =IF(AG4<>"",IF(AG4="立式",1,1-AG35),"") | AH36: =IF(AH4<>"",IF(AH4="立式",1,1-AH35),"") | ... CD36: =IF(CD4<>"",IF(CD4="立式",1,1-CD35),"")
A37: 气相空间截面积（m2） | B37: =IF(AND(B3<>"缓冲罐",B3<>""),0.785*B6^2*B36,"") | C37: =IF(AND(C3<>"缓冲罐",C3<>""),0.785*C6^2*C36,"") | D37: =IF(AND(D3<>"缓冲罐",D3<>""),0.785*D6^2*D36,"") | E37: =IF(AND(E3<>"缓冲罐",E3<>""),0.785*E6^2*E36,"") | F37: =IF(AND(F3<>"缓冲罐",F3<>""),0.785*F6^2*F36,"") | G37: =IF(AND(G3<>"缓冲罐",G3<>""),0.785*G6^2*G36,"") | H37: =IF(AND(H3<>"缓冲罐",H3<>""),0.785*H6^2*H36,"") | I37: =IF(AND(I3<>"缓冲罐",I3<>""),0.785*I6^2*I36,"") | ... CD37: =IF(AND(CD3<>"缓冲罐",CD3<>""),0.785*CD6^2*CD36,"")
A38: 实际气体流速(m/s) | B38: =IF(AND(B3<>"缓冲罐",B3<>""),B28/B37,"") | C38: =IF(AND(C3<>"缓冲罐",C3<>""),C28/C37,"") | D38: =IF(AND(D3<>"缓冲罐",D3<>""),D28/D37,"") | E38: =IF(AND(E3<>"缓冲罐",E3<>""),E28/E37,"") | F38: =IF(AND(F3<>"缓冲罐",F3<>""),F28/F37,"") | G38: =IF(AND(G3<>"缓冲罐",G3<>""),G28/G37,"") | H38: =IF(AND(H3<>"缓冲罐",H3<>""),H28/H37,"") | I38: =IF(AND(I3<>"缓冲罐",I3<>""),I28/I37,"") | ... CD38: =IF(AND(CD3<>"缓冲罐",CD3<>""),CD28/CD37,"")
A39: 气体流速是否合适 | B39: =IF(OR(B3="缓冲罐",B3=""),"",IF(B38<B34,"是","否")) | C39: =IF(OR(C3="缓冲罐",C3=""),"",IF(C38<C34,"是","否")) | D39: =IF(OR(D3="缓冲罐",D3=""),"",IF(D38<D34,"是","否")) | E39: =IF(OR(E3="缓冲罐",E3=""),"",IF(E38<E34,"是","否")) | F39: =IF(OR(F3="缓冲罐",F3=""),"",IF(F38<F34,"是","否")) | G39: =IF(OR(G3="缓冲罐",G3=""),"",IF(G38<G34,"是","否")) | H39: =IF(OR(H3="缓冲罐",H3=""),"",IF(H38<H34,"是","否")) | I39: =IF(OR(I3="缓冲罐",I3=""),"",IF(I38<I34,"是","否")) | ... CD39: =IF(OR(CD3="缓冲罐",CD3=""),"",IF(CD38<CD34,"是","否"))
A40: 气体空间最小高度(m) | B40: =IF(AND(B3="汽液分离罐",B3<>""),IF(B4="立式",MAX(1.5,1.5*B6),MAX(0.3,0.25*B6)),"") | C40: =IF(AND(C3="汽液分离罐",C3<>""),IF(C4="立式",MAX(1.5,1.5*C6),MAX(0.3,0.25*C6)),"") | D40: =IF(AND(D3="汽液分离罐",D3<>""),IF(D4="立式",MAX(1.5,1.5*D6),MAX(0.3,0.25*D6)),"") | E40: =IF(AND(E3="汽液分离罐",E3<>""),IF(E4="立式",MAX(1.5,1.5*E6),MAX(0.3,0.25*E6)),"") | F40: =IF(AND(F3="汽液分离罐",F3<>""),IF(F4="立式",MAX(1.5,1.5*F6),MAX(0.3,0.25*F6)),"") | G40: =IF(AND(G3="汽液分离罐",G3<>""),IF(G4="立式",MAX(1.5,1.5*G6),MAX(0.3,0.25*G6)),"") | H40: =IF(AND(H3="汽液分离罐",H3<>""),IF(H4="立式",MAX(1.5,1.5*H6),MAX(0.3,0.25*H6)),"") | I40: =IF(AND(I3="汽液分离罐",I3<>""),IF(I4="立式",MAX(1.5,1.5*I6),MAX(0.3,0.25*I6)),"") | ... CD40: =IF(AND(CD3="汽液分离罐",CD3<>""),IF(CD4="立式",MAX(1.5,1.5*CD6),MAX(0.3,0.25*CD6)),"")
A41: 允许最小结构系数 | B41: =IF(AND(B3="汽液分离罐",B3<>""),IF(B4="立式",B40/B7,(B42-0.25*B6^2*ACOS((B40-B6/2)*2/B6)-((B6/2)^2-(B40-B6/2)^2)^0.5*(B40-B6/2))/B42),"") | C41: =IF(AND(C3="汽液分离罐",C3<>""),IF(C4="立式",C40/C7,(C42-0.25*C6^2*ACOS((C40-C6/2)*2/C6)-((C6/2)^2-(C40-C6/2)^2)^0.5*(C40-C6/2))/C42),"") | D41: =IF(AND(D3="汽液分离罐",D3<>""),IF(D4="立式",D40/D7,(D42-0.25*D6^2*ACOS((D40-D6/2)*2/D6)-((D6/2)^2-(D40-D6/2)^2)^0.5*(D40-D6/2))/D42),"") | E41: =IF(AND(E3="汽液分离罐",E3<>""),IF(E4="立式",E40/E7,(E42-0.25*E6^2*ACOS((E40-E6/2)*2/E6)-((E6/2)^2-(E40-E6/2)^2)^0.5*(E40-E6/2))/E42),"") | F41: =IF(AND(F3="汽液分离罐",F3<>""),IF(F4="立式",F40/F7,(F42-0.25*F6^2*ACOS((F40-F6/2)*2/F6)-((F6/2)^2-(F40-F6/2)^2)^0.5*(F40-F6/2))/F42),"") | G41: =IF(AND(G3="汽液分离罐",G3<>""),IF(G4="立式",G40/G7,(G42-0.25*G6^2*ACOS((G40-G6/2)*2/G6)-((G6/2)^2-(G40-G6/2)^2)^0.5*(G40-G6/2))/G42),"") | H41: =IF(AND(H3="汽液分离罐",H3<>""),IF(H4="立式",H40/H7,(H42-0.25*H6^2*ACOS((H40-H6/2)*2/H6)-((H6/2)^2-(H40-H6/2)^2)^0.5*(H40-H6/2))/H42),"") | I41: =IF(AND(I3="汽液分离罐",I3<>""),IF(I4="立式",I40/I7,(I42-0.25*I6^2*ACOS((I40-I6/2)*2/I6)-((I6/2)^2-(I40-I6/2)^2)^0.5*(I40-I6/2))/I42),"") | ... CD41: =IF(AND(CD3="汽液分离罐",CD3<>""),IF(CD4="立式",CD40/CD7,(CD42-0.25*CD6^2*ACOS((CD40-CD6/2)*2/CD6)-((CD6/2)^2-(CD40-CD6/2)^2)^0.5*(CD40-CD6/2))/CD42),"")
A42: 液体空间截面积（m2） | B42: =IF(B3<>"",IF(B4="立式",0.785*B6*B6,0.785*B6^2*B35),"") -> 12.56 | C42: =IF(C3<>"",IF(C4="立式",0.785*C6*C6,0.785*C6^2*C35),"") -> 12.56 | D42: =IF(D3<>"",IF(D4="立式",0.785*D6*D6,0.785*D6^2*D35),"") -> 1.5386 | E42: =IF(E3<>"",IF(E4="立式",0.785*E6*E6,0.785*E6^2*E35),"") -> 3.14 | F42: =IF(F3<>"",IF(F4="立式",0.785*F6*F6,0.785*F6^2*F35),"") -> 2.5434 | G42: =IF(G3<>"",IF(G4="立式",0.785*G6*G6,0.785*G6^2*G35),"") -> 7.065 | H42: =IF(H3<>"",IF(H4="立式",0.785*H6*H6,0.785*H6^2*H35),"") -> 3.7994 | I42: =IF(I3<>"",IF(I4="立式",0.785*I6*I6,0.785*I6^2*I35),"") -> 3.14 | ... CD42: =IF(CD3<>"",IF(CD4="立式",0.785*CD6*CD6,0.785*CD6^2*CD35),"")
A43: 液体空间容积（m3） | B43: =IF(B6<>"",IF(B4="立式",0.785*B6^2*B7,0.785*B6^2*B35*B7),"") -> 154.488 | C43: =IF(C6<>"",IF(C4="立式",0.785*C6^2*C35*C7,0.785*C6^2*C7),"") -> 113.04 | D43: =IF(D6<>"",IF(D4="立式",0.785*D6^2*D35*D7,0.785*D6^2*D7),"") -> 4.92352 | E43: =IF(E6<>"",IF(E4="立式",0.785*E6^2*E35*E7,0.785*E6^2*E7),"") -> 6.28 | F43: =IF(F6<>"",IF(F4="立式",0.785*F6^2*F35*F7,0.785*F6^2*F7),"") -> 6.3585 | G43: =IF(G6<>"",IF(G4="立式",0.785*G6^2*G35*G7,0.785*G6^2*G7),"") -> 50.868 | H43: =IF(H6<>"",IF(H4="立式",0.785*H6^2*H35*H7,0.785*H6^2*H7),"") -> 18.23712 | I43: =IF(I6<>"",IF(I4="立式",0.785*I6^2*I35*I7,0.785*I6^2*I7),"") -> 2.512 | J43: =IF(T6<>"",IF(T4="立式",0.785*T6^2*T7,0.785*T6^2*T35*T7),"") -> 5.7828333 | K43: =IF(U6<>"",IF(U4="立式",0.785*U6^2*U7,0.785*U6^2*U35*U7),"") -> 40.6944 | L43: =IF(V6<>"",IF(V4="立式",0.785*V6^2*V7,0.785*V6^2*V35*V7),"") -> 7.5988 | M43: =IF(T6<>"",IF(T4="立式",0.785*T6^2*T7,0.785*T6^2*T35*T7),"") -> 5.7828333 | N43: =IF(N6<>"",IF(N4="立式",0.785*N6^2*N35*N7,0.785*N6^2*N7),"") -> 129.56268 | O43: =IF(O6<>"",IF(O4="立式",0.785*O6^2*O35*O7,0.785*O6^2*O7),"") -> 1.23088 | P43: =IF(P6<>"",IF(P4="立式",0.785*P6^2*P35*P7,0.785*P6^2*P7),"") -> 92.944 | Q43: =IF(Q6<>"",IF(Q4="立式",0.785*Q6^2*Q35*Q7,0.785*Q6^2*Q7),"") -> 0.785 | R43: =IF(R6<>"",IF(R4="立式",0.785*R6^2*R35*R7,0.785*R6^2*R7),"") -> 1.15395 | S43: =IF(S6<>"",IF(S4="立式",0.785*S6^2*S35*S7,0.785*S6^2*S7),"") -> 1.15395 | T43: =IF(T6<>"",IF(T4="立式",0.785*T6^2*T7,0.785*T6^2*T35*T7),"") -> 5.7828333 | U43: =IF(U6<>"",IF(U4="立式",0.785*U6^2*U7,0.785*U6^2*U35*U7),"") -> 40.6944 | V43: =IF(V6<>"",IF(V4="立式",0.785*V6^2*V7,0.785*V6^2*V35*V7),"") -> 7.5988 | W43: =IF(W6<>"",IF(W4="立式",0.785*W6^2*W7,0.785*W6^2*W35*W7),"") -> 7.5988 | X43: =IF(X6<>"",IF(X4="立式",0.785*X6^2*X7,0.785*X6^2*X35*X7),"") -> 12.304875 | Y43: =IF(Y6<>"",IF(Y4="立式",0.785*Y6^2*Y7,0.785*Y6^2*Y35*Y7),"") -> 5.027925 | Z43: =IF(Z6<>"",IF(Z4="立式",0.785*Z6^2*Z7,0.785*Z6^2*Z35*Z7),"") -> 3.297 | AA43: =IF(AA6<>"",IF(AA4="立式",0.785*AA6^2*AA7,0.785*AA6^2*AA35*AA7),"") | ... CD43: =IF(CD6<>"",IF(CD4="立式",0.785*CD6^2*CD7,0.785*CD6^2*CD35*CD7),"")
A44: 介质在罐内流速(m/s) | B44: =IF(AND(B3="缓冲罐",B3<>""),B29/B42,"") -> 0.0094586085 | C44: =IF(AND(C3="缓冲罐",C3<>""),C29/C42,"") -> 0.0094586085 | D44: =IF(AND(D3="缓冲罐",D3<>""),D29/D42,"") -> 0.0027278719 | E44: =IF(AND(E3="缓冲罐",E3<>""),E29/E42,"") -> 0.003770453 | F44: =IF(AND(F3="缓冲罐",F3<>""),F29/F42,"") -> 0.0013348517 | G44: =IF(AND(G3="缓冲罐",G3<>""),G29/G42,"") -> 0.0070240323 | H44: =IF(AND(H3="缓冲罐",H3<>""),H29/H42,"") -> 0.00047307091 | I44: =IF(AND(I3="缓冲罐",I3<>""),I29/I42,"") -> 0.0018471157 | ... O44: =IF(AND(O3="缓冲罐",O3<>""),O29/O42,"") | Q44: =IF(AND(Q3="缓冲罐",Q3<>""),Q29/Q42,"") | R44: =IF(AND(R3="缓冲罐",R3<>""),R29/R42,"") | S44: =IF(AND(S3="缓冲罐",S3<>""),S29/S42,"") | T44: =IF(AND(T3="缓冲罐",T3<>""),T29/T42,"") | U44: =IF(AND(U3="缓冲罐",U3<>""),U29/U42,"") | V44: =IF(AND(V3="缓冲罐",V3<>""),V29/V42,"") | W44: =IF(AND(W3="缓冲罐",W3<>""),W29/W42,"") | X44: =IF(AND(X3="缓冲罐",X3<>""),X29/X42,"") | ... CD44: =IF(AND(CD3="缓冲罐",CD3<>""),CD29/CD42,"")
A45: 介质在罐内的最大流速(m/s) | B45: 0.015 | C45: 0.015 | D45: 0.015 | E45: 0.015 | F45: 0.015 | G45: 0.015 | H45: 0.015 | I45: 0.015 | J45: 0.015 | K45: 0.015 | L45: 0.015 | M45: 0.015
A46: 液体的流速是否合适 | B46: =IF(AND(B3="缓冲罐",B3<>""),IF(B44<B45,"是","否"),"") -> 是 | C46: =IF(AND(C3="缓冲罐",C3<>""),IF(C44<C45,"是","否"),"") -> 是 | D46: =IF(AND(D3="缓冲罐",D3<>""),IF(D44<D45,"是","否"),"") -> 是 | E46: =IF(AND(E3="缓冲罐",E3<>""),IF(E44<E45,"是","否"),"") -> 是 | F46: =IF(AND(F3="缓冲罐",F3<>""),IF(F44<F45,"是","否"),"") -> 是 | G46: =IF(AND(G3="缓冲罐",G3<>""),IF(G44<G45,"是","否"),"") -> 是 | H46: =IF(AND(H3="缓冲罐",H3<>""),IF(H44<H45,"是","否"),"") -> 是 | I46: =IF(AND(I3="缓冲罐",I3<>""),IF(I44<I45,"是","否"),"") -> 是 | ... O46: =IF(AND(O3="缓冲罐",O3<>""),IF(O44<O45,"是","否"),"") | Q46: =IF(AND(Q3="缓冲罐",Q3<>""),IF(Q44<Q45,"是","否"),"") | R46: =IF(AND(R3="缓冲罐",R3<>""),IF(R44<R45,"是","否"),"") | S46: =IF(AND(S3="缓冲罐",S3<>""),IF(S44<S45,"是","否"),"") | T46: =IF(AND(T3="缓冲罐",T3<>""),IF(T44<T45,"是","否"),"") | U46: =IF(AND(U3="缓冲罐",U3<>""),IF(U44<U45,"是","否"),"") | V46: =IF(AND(V3="缓冲罐",V3<>""),IF(V44<V45,"是","否"),"") | W46: =IF(AND(W3="缓冲罐",W3<>""),IF(W44<W45,"是","否"),"") | X46: =IF(AND(X3="缓冲罐",X3<>""),IF(X44<X45,"是","否"),"") | ... CD46: =IF(AND(CD3="缓冲罐",CD3<>""),IF(CD44<CD45,"是","否"),"")
A47: 塔顶油品去向 | E47: 下一工序 | H47: 下一工序 | I47: 下一工序 | J47: 下一工序 | K47: 下一工序 | L47: 下一工序 | M47: 下一工序 | N47: 下一工序 | O47: 下一工序 | P47: 下一工序 | Q47: 下一工序 | R47: 下一工序 | S47: 下一工序 | T47: 下一工序 | U47: 下一工序 | V47: 下一工序 | W47: 下一工序 | X47: 下一工序 | Y47: 下一工序 | Z47: 下一工序
A48: 液体产品停留时间(min) | B48: =IF(AND(B29<>0,B29<>""),B43/B29/60,"") -> 21.673378 | C48: =IF(AND(C29<>0,C29<>""),C43/C29/60,"") -> 15.858569 | D48: =IF(AND(D29<>0,D29<>""),D43/D29/60,"") -> 19.55126 | E48: =IF(AND(E29<>0,E29<>""),E43/E29/60,"") -> 8.8406707 | F48: =IF(AND(F29<>0,F29<>""),F43/F29/60,"") -> 31.214455 | G48: =IF(AND(G29<>0,G29<>""),G43/G29/60,"") -> 17.084204 | H48: =IF(AND(H29<>0,H29<>""),H43/H29/60,"") -> 169.10784 | I48: =IF(AND(I29<>0,I29<>""),I43/I29/60,"") -> 7.2184614 | ... CD48: =IF(AND(CD29<>0,CD29<>""),CD43/CD29/60,"")
A49: 回流停留时间(min) | B49: =IF(AND(B3="卧式回流罐",B3<>""),B43/B30/60,"") | C49: =IF(AND(C3="卧式回流罐",C3<>""),C43/C30/60,"") | D49: =IF(AND(D3="卧式回流罐",D3<>""),D43/D30/60,"") | E49: =IF(AND(E3="卧式回流罐",E3<>""),E43/E30/60,"") | F49: =IF(AND(F3="卧式回流罐",F3<>""),F43/F30/60,"") | G49: =IF(AND(G3="卧式回流罐",G3<>""),G43/G30/60,"") | H49: =IF(AND(H3="卧式回流罐",H3<>""),H43/H30/60,"") | I49: =IF(AND(I3="卧式回流罐",I3<>""),I43/I30/60,"") | ... O49: =IF(AND(O3="卧式回流罐",O3<>""),O43/O30/60,"") | Q49: =IF(AND(Q3="卧式回流罐",Q3<>""),Q43/Q30/60,"") | R49: =IF(AND(R3="卧式回流罐",R3<>""),R43/R30/60,"") | S49: =IF(AND(S3="卧式回流罐",S3<>""),S43/S30/60,"") | T49: =IF(AND(T3="卧式回流罐",T3<>""),T43/T30/60,"") | U49: =IF(AND(U3="卧式回流罐",U3<>""),U43/U30/60,"") | V49: =IF(AND(V3="卧式回流罐",V3<>""),V43/V30/60,"") | W49: =IF(AND(W3="卧式回流罐",W3<>""),W43/W30/60,"") | X49: =IF(AND(X3="卧式回流罐",X3<>""),X43/X30/60,"") | ... CD49: =IF(AND(CD3="卧式回流罐",CD3<>""),CD43/CD30/60,"")
A50: 液体最小停留时间要求 | B50: =IF(B3<>"",IF(B3="卧式回流罐",IF(B47="储罐","液体产品3min或回流5min",IF(B47="下一工序","液体产品15min或回流5min",30)),15),"") -> 15 | C50: =IF(C3<>"",IF(C3="卧式回流罐",IF(C47="储罐","液体产品3min或回流5min",IF(C47="下一工序","液体产品15min或回流5min",30)),15),"") -> 15 | D50: =IF(D3<>"",IF(D3="卧式回流罐",IF(D47="储罐","液体产品3min或回流5min",IF(D47="下一工序","液体产品15min或回流5min",30)),15),"") -> 15 | E50: =IF(E3<>"",IF(E3="卧式回流罐",IF(E47="储罐","液体产品3min或回流5min",IF(E47="下一工序","液体产品15min或回流5min",30)),15),"") -> 15 | F50: =IF(F3<>"",IF(F3="卧式回流罐",IF(F47="储罐","液体产品3min或回流5min",IF(F47="下一工序","液体产品15min或回流5min",30)),15),"") -> 15 | G50: =IF(G3<>"",IF(G3="卧式回流罐",IF(G47="储罐","液体产品3min或回流5min",IF(G47="下一工序","液体产品15min或回流5min",30)),15),"") -> 15 | H50: =IF(H3<>"",IF(H3="卧式回流罐",IF(H47="储罐","液体产品3min或回流5min",IF(H47="下一工序","液体产品15min或回流5min",30)),15),"") -> 15 | I50: =IF(I3<>"",IF(I3="卧式回流罐",IF(I47="储罐","液体产品3min或回流5min",IF(I47="下一工序","液体产品15min或回流5min",30)),15),"") -> 15 | ... CD50: =IF(CD3<>"",IF(CD3="卧式回流罐",IF(CD47="储罐","液体产品3min或回流5min",IF(CD47="下一工序","液体产品15min或回流5min",30)),15),"")
A51: 液体的停留时间是否合适 | B51: =IF(B3<>"",IF(OR(AND(B3="卧式回流罐",B47="下一工序",B48>15,B49>5),AND(B3="卧式回流罐",B47="储罐",B48>3,B49>5),AND(B3="卧式回流罐",B47="其他装置进料",B48>B50),AND(B3<>"卧式回流罐",B48>B50)),"是","否"),"") -> 是 | C51: =IF(C3<>"",IF(OR(AND(C3="卧式回流罐",C47="下一工序",C48>15,C49>5),AND(C3="卧式回流罐",C47="储罐",C48>3,C49>5),AND(C3="卧式回流罐",C47="其他装置进料",C48>C50),AND(C3<>"卧式回流罐",C48>C50)),"是","否"),"") -> 是 | D51: =IF(D3<>"",IF(OR(AND(D3="卧式回流罐",D47="下一工序",D48>15,D49>5),AND(D3="卧式回流罐",D47="储罐",D48>3,D49>5),AND(D3="卧式回流罐",D47="其他装置进料",D48>D50),AND(D3<>"卧式回流罐",D48>D50)),"是","否"),"") -> 是 | E51: =IF(E3<>"",IF(OR(AND(E3="卧式回流罐",E47="下一工序",E48>15,E49>5),AND(E3="卧式回流罐",E47="储罐",E48>3,E49>5),AND(E3="卧式回流罐",E47="其他装置进料",E48>E50),AND(E3<>"卧式回流罐",E48>E50)),"是","否"),"") -> 否 | F51: =IF(F3<>"",IF(OR(AND(F3="卧式回流罐",F47="下一工序",F48>15,F49>5),AND(F3="卧式回流罐",F47="储罐",F48>3,F49>5),AND(F3="卧式回流罐",F47="其他装置进料",F48>F50),AND(F3<>"卧式回流罐",F48>F50)),"是","否"),"") -> 是 | G51: =IF(G3<>"",IF(OR(AND(G3="卧式回流罐",G47="下一工序",G48>15,G49>5),AND(G3="卧式回流罐",G47="储罐",G48>3,G49>5),AND(G3="卧式回流罐",G47="其他装置进料",G48>G50),AND(G3<>"卧式回流罐",G48>G50)),"是","否"),"") -> 是 | H51: =IF(H3<>"",IF(OR(AND(H3="卧式回流罐",H47="下一工序",H48>15,H49>5),AND(H3="卧式回流罐",H47="储罐",H48>3,H49>5),AND(H3="卧式回流罐",H47="其他装置进料",H48>H50),AND(H3<>"卧式回流罐",H48>H50)),"是","否"),"") -> 是 | I51: =IF(I3<>"",IF(OR(AND(I3="卧式回流罐",I47="下一工序",I48>15,I49>5),AND(I3="卧式回流罐",I47="储罐",I48>3,I49>5),AND(I3="卧式回流罐",I47="其他装置进料",I48>I50),AND(I3<>"卧式回流罐",I48>I50)),"是","否"),"") -> 否 | ... CD51: =IF(CD3<>"",IF(OR(AND(CD3="卧式回流罐",CD47="下一工序",CD48>15,CD49>5),AND(CD3="卧式回流罐",CD47="储罐",CD48>3,CD49>5),AND(CD3="卧式回流罐",CD47="其他装置进料",CD48>CD50),AND(CD3<>"卧式回流罐",CD48>CD50)),"是","否"),"")
A52: 分水斗中水的停留时间(min) | B52: =IF(AND(B9<>"",B10<>""),0.785*B9*B9*B10/(B25/1000)*60,"") | C52: =IF(AND(C9<>"",C10<>""),0.785*C9*C9*C10/(C25/1000)*60,"") | D52: =IF(AND(D9<>"",D10<>""),0.785*D9*D9*D10/(D25/1000)*60,"") | E52: =IF(AND(E9<>"",E10<>""),0.785*E9*E9*E10/(E25/1000)*60,"") | F52: =IF(AND(F9<>"",F10<>""),0.785*F9*F9*F10/(F25/1000)*60,"") | G52: =IF(AND(G9<>"",G10<>""),0.785*G9*G9*G10/(G25/1000)*60,"") | H52: =IF(AND(H9<>"",H10<>""),0.785*H9*H9*H10/(H25/1000)*60,"") | I52: =IF(AND(I9<>"",I10<>""),0.785*I9*I9*I10/(I25/1000)*60,"") | ... O52: =IF(AND(O9<>"",O10<>""),0.785*O9*O9*O10/(O25/1000)*60,"") | Q52: =IF(AND(Q9<>"",Q10<>""),0.785*Q9*Q9*Q10/(Q25/1000)*60,"") | R52: =IF(AND(R9<>"",R10<>""),0.785*R9*R9*R10/(R25/1000)*60,"") | S52: =IF(AND(S9<>"",S10<>""),0.785*S9*S9*S10/(S25/1000)*60,"") | T52: =IF(AND(T9<>"",T10<>""),0.785*T9*T9*T10/(T25/1000)*60,"") | U52: =IF(AND(U9<>"",U10<>""),0.785*U9*U9*U10/(U25/1000)*60,"") | V52: =IF(AND(V9<>"",V10<>""),0.785*V9*V9*V10/(V25/1000)*60,"") | W52: =IF(AND(W9<>"",W10<>""),0.785*W9*W9*W10/(W25/1000)*60,"") | X52: =IF(AND(X9<>"",X10<>""),0.785*X9*X9*X10/(X25/1000)*60,"") | ... CD52: =IF(AND(CD9<>"",CD10<>""),0.785*CD9*CD9*CD10/(CD25/1000)*60,"")
A53: 分水斗中水的最小停留时间(min) | B53: =IF(AND(B9<>"",B10<>""),3,"") | C53: =IF(AND(C9<>"",C10<>""),3,"") | D53: =IF(AND(D9<>"",D10<>""),3,"") | E53: =IF(AND(E9<>"",E10<>""),3,"") | F53: =IF(AND(F9<>"",F10<>""),3,"") | G53: =IF(AND(G9<>"",G10<>""),3,"") | H53: =IF(AND(H9<>"",H10<>""),3,"") | I53: =IF(AND(I9<>"",I10<>""),3,"") | ... O53: =IF(AND(O9<>"",O10<>""),3,"") | Q53: =IF(AND(Q9<>"",Q10<>""),3,"") | R53: =IF(AND(R9<>"",R10<>""),3,"") | S53: =IF(AND(S9<>"",S10<>""),3,"") | T53: =IF(AND(T9<>"",T10<>""),3,"") | U53: =IF(AND(U9<>"",U10<>""),3,"") | V53: =IF(AND(V9<>"",V10<>""),3,"") | W53: =IF(AND(W9<>"",W10<>""),3,"") | X53: =IF(AND(X9<>"",X10<>""),3,"") | ... CD53: =IF(AND(CD9<>"",CD10<>""),3,"")
A54: 分水斗中水的停留时间是否合适 | B54: =IF(OR(B9="",B10=""),"",IF(B53<B52,"是","否")) | C54: =IF(OR(C9="",C10=""),"",IF(C53<C52,"是","否")) | D54: =IF(OR(D9="",D10=""),"",IF(D53<D52,"是","否")) | E54: =IF(OR(E9="",E10=""),"",IF(E53<E52,"是","否")) | F54: =IF(OR(F9="",F10=""),"",IF(F53<F52,"是","否")) | G54: =IF(OR(G9="",G10=""),"",IF(G53<G52,"是","否")) | H54: =IF(OR(H9="",H10=""),"",IF(H53<H52,"是","否")) | I54: =IF(OR(I9="",I10=""),"",IF(I53<I52,"是","否")) | ... O54: =IF(OR(O9="",O10=""),"",IF(O53<O52,"是","否")) | Q54: =IF(OR(Q9="",Q10=""),"",IF(Q53<Q52,"是","否")) | R54: =IF(OR(R9="",R10=""),"",IF(R53<R52,"是","否")) | S54: =IF(OR(S9="",S10=""),"",IF(S53<S52,"是","否")) | T54: =IF(OR(T9="",T10=""),"",IF(T53<T52,"是","否")) | U54: =IF(OR(U9="",U10=""),"",IF(U53<U52,"是","否")) | V54: =IF(OR(V9="",V10=""),"",IF(V53<V52,"是","否")) | W54: =IF(OR(W9="",W10=""),"",IF(W53<W52,"是","否")) | X54: =IF(OR(X9="",X10=""),"",IF(X53<X52,"是","否")) | ... CD54: =IF(OR(CD9="",CD10=""),"",IF(CD53<CD52,"是","否"))
A55: 核算检查 | B55: =IF(B2<>"",IF(AND(B3="汽液分离罐",B36<B41),"警告,结构系数可能需要修改！",IF(OR(B39="否",B46="否",B51="否",B54="否"),"警告,可能需要修改！","核算通过")),"") -> 核算通过 | C55: =IF(C2<>"",IF(AND(C3="汽液分离罐",C36<C41),"警告,结构系数可能需要修改！",IF(OR(C39="否",C46="否",C51="否",C54="否"),"警告,可能需要修改！","核算通过")),"") -> 核算通过 | D55: =IF(D2<>"",IF(AND(D3="汽液分离罐",D36<D41),"警告,结构系数可能需要修改！",IF(OR(D39="否",D46="否",D51="否",D54="否"),"警告,可能需要修改！","核算通过")),"") -> 核算通过 | E55: =IF(E2<>"",IF(AND(E3="汽液分离罐",E36<E41),"警告,结构系数可能需要修改！",IF(OR(E39="否",E46="否",E51="否",E54="否"),"警告,可能需要修改！","核算通过")),"") -> 警告,可能需要修改！ | F55: =IF(F2<>"",IF(AND(F3="汽液分离罐",F36<F41),"警告,结构系数可能需要修改！",IF(OR(F39="否",F46="否",F51="否",F54="否"),"警告,可能需要修改！","核算通过")),"") -> 核算通过 | G55: =IF(G2<>"",IF(AND(G3="汽液分离罐",G36<G41),"警告,结构系数可能需要修改！",IF(OR(G39="否",G46="否",G51="否",G54="否"),"警告,可能需要修改！","核算通过")),"") -> 核算通过 | H55: =IF(H2<>"",IF(AND(H3="汽液分离罐",H36<H41),"警告,结构系数可能需要修改！",IF(OR(H39="否",H46="否",H51="否",H54="否"),"警告,可能需要修改！","核算通过")),"") -> 核算通过 | I55: =IF(I2<>"",IF(AND(I3="汽液分离罐",I36<I41),"警告,结构系数可能需要修改！",IF(OR(I39="否",I46="否",I51="否",I54="否"),"警告,可能需要修改！","核算通过")),"") -> 警告,可能需要修改！ | ... CD55: =IF(CD2<>"",IF(AND(CD3="汽液分离罐",CD36<CD41),"警告,结构系数可能需要修改！",IF(OR(CD39="否",CD46="否",CD51="否",CD54="否"),"警告,可能需要修改！","核算通过")),"")
A56: 操作介质重（kg） | B56: =IF(B2<>"",IF(B4="卧式",B26*B11*B36+B27*B11*B35+IF(B25="",0,B25*1/60*B52),B27*B43+B26*(B11-B43)),"") -> 122987.9 | C56: =IF(C2<>"",IF(C4="卧式",C26*C11*C36+C27*C11*C35+IF(C25="",0,C25*1/60*C52),C27*C43+C26*(C11-C43)),"") -> 89991.144 | D56: =IF(D2<>"",IF(D4="卧式",D26*D11*D36+D27*D11*D35+IF(D25="",0,D25*1/60*D52),D27*D43+D26*(D11-D43)),"") -> 4695.561 | E56: =IF(E2<>"",IF(E4="卧式",E26*E11*E36+E27*E11*E35+IF(E25="",0,E25*1/60*E52),E27*E43+E26*(E11-E43)),"") -> 5000.136 | F56: =IF(F2<>"",IF(F4="卧式",F26*F11*F36+F27*F11*F35+IF(F25="",0,F25*1/60*F52),F27*F43+F26*(F11-F43)),"") -> 5722.65 | G56: =IF(G2<>"",IF(G4="卧式",G26*G11*G36+G27*G11*G35+IF(G25="",0,G25*1/60*G52),G27*G43+G26*(G11-G43)),"") -> 51366.506 | H56: =IF(H2<>"",IF(H4="卧式",H26*H11*H36+H27*H11*H35+IF(H25="",0,H25*1/60*H52),H27*H43+H26*(H11-H43)),"") -> 18601.862 | I56: =IF(I2<>"",IF(I4="卧式",I26*I11*I36+I27*I11*I35+IF(I25="",0,I25*1/60*I52),I27*I43+I26*(I11-I43)),"") -> 2461.76 | ... CD56: =IF(CD2<>"",IF(CD4="卧式",CD26*CD11*CD36+CD27*CD11*CD35+IF(CD25="",0,CD25*1/60*CD52),CD27*CD43+CD26*(CD11-CD43)),"")
A57: 备注 | F57: =IF(AND(F32="是",F33="是"),"允许液沫夹带时一般不安装破沫网","") | G57: =IF(AND(G32="是",G33="是"),"允许液沫夹带时一般不安装破沫网","") | H57: =IF(AND(H32="是",H33="是"),"允许液沫夹带时一般不安装破沫网","")
A59: 长径比 | B59: =B7/B6 -> 3.075 | C59: =C7/C6 -> 3.075 | D59: =D7/D6 -> 2.8571429 | E59: =E7/E6 -> 2 | F59: =F7/F6 -> 3.1666667 | G59: =G7/G6 -> 3 | H59: =H7/H6 -> 2.7272727 | I59: =I7/I6 -> 1.3175 | ... Z59: =Z7/Z6 -> 2.6666667
A61: 模拟中物流编号 进 | B61: 107 | C61: 105 | D61: 317 | E61: 107 | F61: 523 | G61: 701 | H61: 523 | I61: 407 | J61: 504 | K61: 416 | L61: 415 | M61: 503
J63: 卧式 | K63: 卧式 | L63: 卧式 | M63: 卧式 | T63: 卧式(特殊) | U63: 卧式 | V63: 卧式 | W63: 卧式 | X63: 卧式(特殊) | Y63: 卧式(特殊) | Z63: 卧式(特殊)
A64: 最高液位高度，m | B64: 10 | C64: 10 | D64: 3.4 | E64: 3.2 | F64: 4.5 | G64: 8 | H64: 5.4 | I64: 1.1 | J64: 1.5 | K64: 0.7 | L64: 1.4 | M64: 2 | N64: 12.8 | O64: 1.22 | P64: 9.8 | Q64: 1.5 | R64: 1.05 | S64: 1.05 | T64: 0.8 | U64: 3.1 | V64: 1.9 | W64: 1.9 | X64: 0.775 | Y64: 0.775 | Z64: 0.775
A65: 低液位高度,m | B65: 1.35 | C65: 1.35 | D65: 0.8 | E65: 0.4 | F65: 0.55 | G65: 0.3 | H65: 0.4 | I65: 0.4 | J65: 0.3 | K65: 0.3 | L65: 0.4 | M65: 0.4 | N65: 1.2 | O65: 0.4 | P65: 0.4 | Q65: 0.4 | R65: 0.45 | S65: 0.45 | T65: 0.3 | U65: 0.5 | V65: 0.3 | W65: 0.3 | X65: 0.625 | Y65: 0.625 | Z65: 0.625
A66: 高低液位差,m | B66: =B64-B65 -> 8.65 | C66: =C64-C65 -> 8.65 | D66: =D64-D65 -> 2.6 | E66: =E64-E65 -> 2.8 | F66: =F64-F65 -> 3.95 | G66: =G64-G65 -> 7.7 | H66: =H64-H65 -> 5 | I66: =I64-I65 -> 0.7 | ... W66: =W64-W65 -> 1.6
A67: 停留时间,(min) | B67: =B66*B42/B29/60 -> 15.241847 | C67: =C66*C42/C29/60 -> 15.241847 | D67: =D66*D42/D29/60 -> 15.885399 | E67: =E66*E42/E29/60 -> 12.376939 | F67: =F66*F42/F29/60 -> 49.318838 | G67: =G66*G42/G29/60 -> 18.270607 | H67: =H66*H42/H29/60 -> 176.154 | I67: =I66*I42/I29/60 -> 6.3161537 | J67: =0.785*J6^2*J71*J7/J29/60 -> 22.418915 | K67: =0.785*K6^2*K71*K7/K29/60 -> 454.94318 | L67: =0.785*L6^2*L71*L7/L29/60 -> 25.689002 | M67: =0.785*M6^2*M71*M7/M29/60 -> 18.560572 | N67: =N66*N42/N29/60 -> 23.059017 | O67: =O66*O42/O29/60 -> 734.17422 | P67: =P66*P42/P29/60 -> 13.907473 | Q67: =Q66*Q42/Q29/60 -> 23182.62 | R67: =R66*R42/R29/60 -> 1495.9583 | S67: =S66*S42/S29/60 -> 4659.9638 | T67: =0.785*T6^2*(T71-T76)*T7/T29/60 -> 12.964939 | U67: =0.785*U6^2*U71*U7/U29/60 -> 294.77544 | V67: =0.785*V6^2*V71*V7/V29/60 -> 27.521472 | W67: =0.785*W6^2*W71*W7/W29/60 -> 29.241564 | X67: =0.3294*8.25*60/(26881*1.1/865.34) -> 4.7717476 | Y67: =0.224*6.1*60/(5736.5/899.38) -> 12.853616 | Z67: =0.224*4*60/(4499.3/902) -> 10.77757
J68: 拱高占直径 | K68: 拱高占直径 | L68: 拱高占直径 | M68: 拱高占直径 | T68: 拱高占直径1 | U68: 拱高占直径 | V68: 拱高占直径 | W68: 拱高占直径 | X68: 拱高占直径1 | Y68: 拱高占直径1 | Z68: 拱高占直径1
J69: =0.3/J6 -> 0.16666667 | K69: =0.3/K6 -> 0.3 | L69: =L65/L6 -> 0.22222222 | M69: =M65/M6 -> 0.16666667 | T69: =T64/T6 -> 0.4 | U69: =0.5/U6 -> 0.13888889 | V69: =0.3/V6 -> 0.13636364 | W69: =0.3/W6 -> 0.13636364 | X69: =0.95/X6 -> 0.475 | Y69: =0.6/Y6 -> 0.4 | Z69: =0.6/Z6 -> 0.4
J70: 拱形面积占圆面积 | K70: 拱形面积占圆面积 | L70: 拱形面积占圆面积 | M70: 拱形面积占圆面积 | T70: 拱形面积占圆面积1 | U70: 拱形面积占圆面积 | V70: 拱形面积占圆面积 | W70: 拱形面积占圆面积 | X70: 拱形面积占圆面积 | Y70: 拱形面积占圆面积 | Z70: 拱形面积占圆面积
J71: =1-0.1*2 -> 0.8 | K71: =1-0.25*2 -> 0.5 | L71: =1-0.155*2 -> 0.69 | M71: =1-0.1*2 -> 0.8 | T71: 0.41 | U71: =1-0.085*2 -> 0.83 | V71: =1-0.085*2 -> 0.83 | W71: =1-0.085*2 -> 0.83 | X71: =0.41 -> 0.41 | Y71: =0.365 -> 0.365 | Z71: =0.365 -> 0.365
T73: 拱高占直径2 | X73: 拱高占直径1 | Y73: 拱高占直径1 | Z73: 拱高占直径1
T74: =T65/T6 -> 0.15 | X74: =0.85/X6 -> 0.425 | Y74: =0.5/Y6 -> 0.33333333 | Z74: =0.5/Z6 -> 0.33333333
T75: 拱形面积占圆面积2 | X75: 拱形面积占圆面积 | Y75: 拱形面积占圆面积 | Z75: 拱形面积占圆面积
T76: 0.1 | X76: =0.375 -> 0.375 | Y76: =0.28 -> 0.28 | Z76: =0.28 -> 0.28
X78: 波形板流速 | Y78: 波形板流速 | Z78: 波形板流速
X79: 长度 | Y79: 长度 | Z79: 长度
X80: 6 | Y80: 4.1 | Z80: 2.7
X81: 宽度 | Y81: 宽度 | Z81: 宽度
X82: 0.2 | Y82: 0.2 | Z82: 0.2
X83: =X22/X26/3600/X80/X82 -> 0.88432805 | Y83: =Y22/Y26/3600/Y80/Y82 -> 0.49699714 | Z83: =Z22/Z26/3600/Z80/Z82 -> 0.29374156

Sheet 安全阀选型(详细设计新模板)
A1: 编号 | B1: ='安全阀选型(基础设计)'!B2:C2 -> 132-PSV-0701A/B | D1: 132-PSV-0702A/B | F1: ='安全阀选型(基础设计)'!F2:G2 -> 132-PSV-1101A/B | H1: ='安全阀选型(基础设计)'!H2:I2 -> 132-PSV-1301A/B | J1: ='安全阀选型(基础设计)'!J2:K2 -> 132-PSV-1801A/B | L1: ='安全阀选型(基础设计)'!L2:M2 -> 132-PSV-2001A/B | N1: ='安全阀选型(基础设计)'!N2:O2 -> 132-PSV-2101A/B | P1: ='安全阀选型(基础设计)'!P2:Q2 -> 132-PSV-2401A/B | R1: ='安全阀选型(基础设计)'!R2:S2 -> 132-PSV-2501 | T1: ='安全阀选型(基础设计)'!T2:U2 -> 132-PSV-2502 | V1: ='安全阀选型(基础设计)'!V2:W2 -> 132-PSV-2601 | X1: ='安全阀选型(基础设计)'!X2:Y2 -> 132-PSV-2602 | Z1: 132-PSV-2201A/B | AB1: ='安全阀选型(基础设计)'!AB2:AC2 -> 132-PSV-2801 | AD1: ='安全阀选型(基础设计)'!AD2:AE2 -> 132-PSV-3001 | AF1: ='安全阀选型(基础设计)'!AF2:AG2 -> 132-PSV-3002 | AH1: 132-PSV-3201A/B | AJ1: 132-PSV-3201A/B | AL1: ='安全阀选型(基础设计)'!AJ2:AK2 -> #VALUE! | AN1: ='安全阀选型(基础设计)'!AL2:AM2 -> #VALUE! | AP1: ='安全阀选型(基础设计)'!AN2:AO2 -> #VALUE! | AR1: ='安全阀选型(基础设计)'!AP2:AQ2 -> #VALUE! | AT1: ='安全阀选型(基础设计)'!AR2:AS2 -> #VALUE! | AV1: 132-PSV-5101A/B | AX1: ='安全阀选型(基础设计)'!AV2:AW2 -> #VALUE! | AZ1: 132-PSV-5601A/B | BB1: 132-PSV-1501A/B | BD1: 132-PSV-0701A/B | BF1: 132-PSV-1301A/B | BH1: 132-PSV-2401A/B
A2: 名称 | B2: 加氢进料缓冲罐顶安全阀 | D2: 加氢进料泵入口安全阀 | F2: 1#加氢反应器顶安全阀 | H2: 循环泵冲洗液罐顶安全阀 | J2: 冷低分罐顶安全阀 | L2: 汽提塔顶回流罐安全阀 | N2: 预闪蒸罐顶安全阀 | P2: 分馏塔顶回流罐安全阀 | R2: 分一中低压蒸汽发生器安全阀一 | T2: 分一中低压蒸汽发生器安全阀二 | V2: 分一低低压蒸汽发生器安全阀 | X2: 分一中低低压蒸汽发生器安全阀二 | Z2: 低低压蒸汽安全阀 | AB2: 柴油/锅炉给水换热器管程泄放阀 | AD2: 加氢蜡油/低压蒸汽发生器安全阀 | AF2: 加氢蜡油/低压蒸汽发生器安全阀二 | AH2: 注水罐顶安全阀 | AJ2: 注水罐顶安全阀 | AL2: 新氢缓冲罐顶安全阀 | AN2: 低分气脱硫塔顶安全阀 | AP2: 贫胺液罐顶安全阀 | AR2: 原料油缓冲罐顶安全阀 | AT2: 污油罐安全阀 | AV2: 硫化剂罐安全阀 | AX2: 燃料气分液罐安全阀 | AZ2: 净化风罐安全阀 | BB2: 液力透平出口安全阀
A3: 安装部位 | B3: 加氢进料缓冲罐D-101顶 | D3: 进料泵P-101A/B入口 | F3: 1#加氢反应器顶部 | H3: 132-D-109罐顶 | J3: 132-D-103罐顶 | L3: D-201 | N3: 132-D-202罐顶 | P3: 132-D-203罐顶 | R3: 汽包132-D-411安全阀 | T3: 汽包132-D-411安全阀2 | V3: 汽包132-D-410安全阀 | X3: 汽包132-D-410安全阀2 | Z3: 低低压蒸汽总管LS-02605上 | AB3: E-205 TUBE SIDE | AD3: 汽包132-D-409安全阀 | AF3: 汽包132-D-409安全阀2 | AH3: 132-D-104罐顶 | AJ3: 132-D-104罐顶 | AL3: 132-D-105罐顶出口线上 | AN3: 132-C-301塔顶 | AP3: 132-D-301罐顶 | AR3: 原料油缓冲罐D-110顶 | AT3: ='安全阀选型(基础设计)'!AR4:AS4 -> #VALUE! | AV3: ='安全阀选型(基础设计)'!AT4:AU4 -> #VALUE! | AX3: ='安全阀选型(基础设计)'!AV4:AW4 -> #VALUE! | AZ3: 净化风罐顶 | BB3: 液力透平出口管线
